Country,Year,Season,Bronze,Silver,Gold,Total points
GRE,1896,Summer,20,18,10,124
AUT,1896,Summer,2,1,2,15
GBR,1896,Summer,3,3,3,27
SUI,1896,Summer,0,2,1,11
DEN,1896,Summer,3,2,1,14
USA,1896,Summer,2,7,11,78
GER,1896,Summer,2,5,25,142
FRA,1896,Summer,2,4,5,39
AUS,1896,Summer,1,0,2,11
HUN,1896,Summer,3,1,2,16
ITA,1896,Summer,0,0,0,0
SWE,1896,Summer,0,0,0,0
DEN,1900,Summer,2,3,4,31
GER,1900,Summer,11,20,14,141
USA,1900,Summer,17,16,30,215
FRA,1900,Summer,82,101,52,645
AUT,1900,Summer,3,3,0,12
NOR,1900,Summer,3,6,0,21
GBR,1900,Summer,15,34,59,412
ITA,1900,Summer,0,2,3,21
BEL,1900,Summer,13,24,6,115
HUN,1900,Summer,2,2,1,13
SUI,1900,Summer,1,4,16,93
BOH,1900,Summer,2,1,0,5
NED,1900,Summer,16,8,3,55
SWE,1900,Summer,1,0,3,16
ARG,1900,Summer,0,0,0,0
ESP,1900,Summer,0,0,2,10
CUB,1900,Summer,0,1,1,8
HAI,1900,Summer,0,0,1,5
PER,1900,Summer,0,0,0,0
RUS,1900,Summer,0,0,0,0
MEX,1900,Summer,3,0,0,3
CAN,1900,Summer,1,0,1,6
BRA,1900,Summer,0,0,0,0
AUS,1900,Summer,3,0,3,18
IND,1900,Summer,0,2,0,6
NZL,1900,Summer,0,0,1,5
IRI,1900,Summer,0,0,0,0
GRE,1900,Summer,0,0,0,0
ROU,1900,Summer,0,0,0,0
COL,1900,Summer,0,1,0,3
LUX,1900,Summer,0,0,1,5
USA,1904,Summer,125,141,128,1188
CAN,1904,Summer,12,9,27,174
AUS,1904,Summer,1,3,0,10
AUT,1904,Summer,1,1,2,14
FRA,1904,Summer,0,2,0,6
ITA,1904,Summer,0,0,0,0
GER,1904,Summer,7,5,4,42
CUB,1904,Summer,0,0,5,25
HUN,1904,Summer,1,1,2,14
GRE,1904,Summer,1,0,1,6
NOR,1904,Summer,0,0,2,10
GBR,1904,Summer,0,1,1,8
NFL,1904,Summer,0,0,0,0
RSA,1904,Summer,0,0,0,0
SUI,1904,Summer,2,0,1,7
GRE,1906,Summer,30,48,24,294
GER,1906,Summer,6,10,14,106
GBR,1906,Summer,8,22,9,119
FIN,1906,Summer,1,1,2,14
ITA,1906,Summer,27,8,21,156
DEN,1906,Summer,1,19,14,128
AUT,1906,Summer,3,3,3,27
NOR,1906,Summer,0,5,20,115
SWE,1906,Summer,14,5,2,39
CRT,1906,Summer,0,0,0,0
HUN,1906,Summer,3,5,5,43
CAN,1906,Summer,0,1,1,8
USA,1906,Summer,6,6,12,84
FRA,1906,Summer,28,16,20,176
AUS,1906,Summer,3,0,0,3
BEL,1906,Summer,6,3,2,25
NED,1906,Summer,5,1,0,8
EGY,1906,Summer,0,0,0,0
BOH,1906,Summer,3,0,0,3
SUI,1906,Summer,1,3,8,50
TUR,1906,Summer,0,0,0,0
ITA,1908,Summer,0,6,2,28
GER,1908,Summer,6,11,4,59
GBR,1908,Summer,90,131,147,1218
USA,1908,Summer,15,16,34,233
SWE,1908,Summer,18,18,48,312
DEN,1908,Summer,3,14,0,45
ANZ,1908,Summer,2,2,15,83
FRA,1908,Summer,23,5,12,98
BEL,1908,Summer,8,24,1,85
CAN,1908,Summer,30,8,14,124
NOR,1908,Summer,3,32,7,134
HUN,1908,Summer,6,7,7,62
FIN,1908,Summer,28,1,1,36
GRE,1908,Summer,1,3,0,10
BOH,1908,Summer,6,0,0,6
NED,1908,Summer,16,0,0,16
RSA,1908,Summer,0,1,1,8
RUS,1908,Summer,0,2,1,11
AUT,1908,Summer,1,0,0,1
ISL,1908,Summer,0,0,0,0
ARG,1908,Summer,0,0,0,0
SUI,1908,Summer,0,0,0,0
FIN,1912,Summer,22,40,9,187
NOR,1912,Summer,34,6,40,252
SWE,1912,Summer,25,62,103,726
ANZ,1912,Summer,3,2,5,34
GER,1912,Summer,23,19,11,135
GBR,1912,Summer,59,64,47,486
LUX,1912,Summer,0,0,0,0
FRA,1912,Summer,5,11,10,88
HUN,1912,Summer,3,17,10,104
USA,1912,Summer,36,25,46,341
AUT,1912,Summer,5,9,0,32
RUS,1912,Summer,9,5,0,24
BEL,1912,Summer,11,1,7,49
ITA,1912,Summer,2,1,22,115
CHI,1912,Summer,0,0,0,0
DEN,1912,Summer,33,49,5,205
GRE,1912,Summer,1,0,1,6
BOH,1912,Summer,0,0,0,0
CAN,1912,Summer,3,2,3,24
NED,1912,Summer,26,0,0,26
RSA,1912,Summer,0,2,5,31
POR,1912,Summer,0,0,0,0
SUI,1912,Summer,0,0,2,10
UNK,1912,Summer,0,0,0,0
ISL,1912,Summer,0,0,0,0
JPN,1912,Summer,0,0,0,0
SRB,1912,Summer,0,0,0,0
TUR,1912,Summer,0,0,0,0
POL,1912,Summer,0,0,0,0
DEN,1920,Summer,1,44,26,263
FIN,1920,Summer,17,14,21,164
AUS,1920,Summer,1,6,0,19
NOR,1920,Summer,27,52,58,473
EGY,1920,Summer,0,0,0,0
GBR,1920,Summer,17,42,52,403
SWE,1920,Summer,64,38,52,438
USA,1920,Summer,38,45,111,728
SUI,1920,Summer,21,2,6,57
BEL,1920,Summer,66,65,57,546
FRA,1920,Summer,57,71,13,335
ITA,1920,Summer,8,9,67,370
ESP,1920,Summer,0,23,0,69
BRA,1920,Summer,5,1,1,13
GRE,1920,Summer,0,5,0,15
TCH,1920,Summer,10,0,0,10
IND,1920,Summer,0,0,0,0
MON,1920,Summer,0,0,0,0
CHI,1920,Summer,0,0,0,0
CAN,1920,Summer,3,3,10,62
NED,1920,Summer,25,10,15,130
RSA,1920,Summer,6,12,3,57
POR,1920,Summer,0,0,0,0
YUG,1920,Summer,0,0,0,0
LUX,1920,Summer,0,1,0,3
NZL,1920,Summer,1,0,0,1
EST,1920,Summer,0,2,1,11
JPN,1920,Summer,0,3,0,9
ARG,1920,Summer,0,0,0,0
FIN,1924,Summer,15,13,24,174
NOR,1924,Summer,3,5,14,88
BUL,1924,Summer,0,0,0,0
CHI,1924,Summer,0,0,0,0
ARG,1924,Summer,2,3,5,36
MON,1924,Summer,1,0,0,1
GBR,1924,Summer,19,30,15,184
FRA,1924,Summer,22,51,37,360
BEL,1924,Summer,6,30,3,111
HUN,1924,Summer,8,12,2,54
POL,1924,Summer,1,4,0,13
AUT,1924,Summer,1,3,0,10
SWE,1924,Summer,43,22,7,144
NED,1924,Summer,18,1,8,61
SUI,1924,Summer,21,25,14,166
EGY,1924,Summer,0,0,0,0
MEX,1924,Summer,0,0,0,0
AUS,1924,Summer,2,5,3,32
TUR,1924,Summer,0,0,0,0
ITA,1924,Summer,21,5,25,161
USA,1924,Summer,49,36,97,642
CUB,1924,Summer,0,0,0,0
ESP,1924,Summer,0,0,0,0
LUX,1924,Summer,0,1,1,8
GRE,1924,Summer,0,0,1,5
DEN,1924,Summer,3,9,2,40
URU,1924,Summer,0,0,14,70
TCH,1924,Summer,5,4,1,22
LTU,1924,Summer,0,0,0,0
EST,1924,Summer,4,1,1,12
LAT,1924,Summer,0,0,0,0
YUG,1924,Summer,0,0,2,10
HAI,1924,Summer,5,0,0,5
ROU,1924,Summer,16,0,0,16
CAN,1924,Summer,1,19,0,58
IRL,1924,Summer,1,1,0,4
RSA,1924,Summer,1,1,1,9
POR,1924,Summer,4,0,0,4
BRA,1924,Summer,0,0,0,0
JPN,1924,Summer,1,0,0,1
IND,1924,Summer,0,0,0,0
NZL,1924,Summer,1,0,0,1
ECU,1924,Summer,0,0,0,0
PHI,1924,Summer,0,0,0,0
RUS,1924,Summer,0,0,0,0
NOR,1928,Summer,1,4,4,33
EGY,1928,Summer,1,1,2,14
USA,1928,Summer,17,24,47,324
IND,1928,Summer,0,0,14,70
SUI,1928,Summer,4,10,16,114
GER,1928,Summer,41,15,21,191
GBR,1928,Summer,24,27,7,140
CAN,1928,Summer,21,5,7,71
SWE,1928,Summer,22,8,7,81
BEL,1928,Summer,4,1,0,7
FRA,1928,Summer,14,24,12,146
NED,1928,Summer,8,29,20,195
ITA,1928,Summer,26,22,24,212
MEX,1928,Summer,0,0,0,0
FIN,1928,Summer,9,8,8,73
DEN,1928,Summer,4,5,6,49
JPN,1928,Summer,1,6,2,29
LTU,1928,Summer,0,0,0,0
ARG,1928,Summer,5,18,3,74
ROU,1928,Summer,0,0,0,0
ESP,1928,Summer,0,0,3,15
CHI,1928,Summer,0,1,0,3
LUX,1928,Summer,0,0,1,5
POR,1928,Summer,6,0,0,6
GRE,1928,Summer,0,0,0,0
URU,1928,Summer,0,0,17,85
AUT,1928,Summer,2,0,3,17
IRL,1928,Summer,0,0,1,5
POL,1928,Summer,15,3,2,34
YUG,1928,Summer,10,1,1,18
TCH,1928,Summer,2,12,2,48
TUR,1928,Summer,0,0,0,0
RSA,1928,Summer,5,0,1,10
HUN,1928,Summer,0,11,10,83
MON,1928,Summer,0,0,0,0
CUB,1928,Summer,0,0,0,0
LAT,1928,Summer,0,0,0,0
AUS,1928,Summer,1,2,1,12
ZIM,1928,Summer,0,0,0,0
MLT,1928,Summer,0,0,0,0
EST,1928,Summer,6,1,2,19
NZL,1928,Summer,0,0,1,5
PHI,1928,Summer,1,0,0,1
PAN,1928,Summer,0,0,0,0
HAI,1928,Summer,0,1,0,3
BUL,1928,Summer,0,0,0,0
NED,1932,Summer,1,10,2,41
USA,1932,Summer,61,47,81,607
BEL,1932,Summer,1,0,0,1
FRA,1932,Summer,6,8,26,160
PHI,1932,Summer,3,0,0,3
ITA,1932,Summer,18,38,21,237
ARG,1932,Summer,0,1,3,18
FIN,1932,Summer,16,8,5,65
AUS,1932,Summer,1,1,3,19
GBR,1932,Summer,14,12,9,95
SWE,1932,Summer,12,7,13,98
MEX,1932,Summer,0,2,0,6
AUT,1932,Summer,3,1,1,11
GER,1932,Summer,7,26,10,135
IND,1932,Summer,0,0,15,75
ESP,1932,Summer,1,0,0,1
BRA,1932,Summer,0,0,0,0
DEN,1932,Summer,4,7,0,25
JPN,1932,Summer,4,17,10,105
CAN,1932,Summer,24,13,2,73
HUN,1932,Summer,8,5,20,123
TCH,1932,Summer,2,3,1,16
RSA,1932,Summer,3,0,2,13
POL,1932,Summer,14,4,3,41
LAT,1932,Summer,0,1,0,3
PER,1932,Summer,0,0,0,0
NZL,1932,Summer,0,2,0,6
HAI,1932,Summer,0,0,0,0
GRE,1932,Summer,0,0,0,0
IRL,1932,Summer,0,0,2,10
ROU,1932,Summer,0,0,0,0
CUB,1932,Summer,0,0,0,0
NOR,1932,Summer,0,0,0,0
SUI,1932,Summer,0,1,0,3
POR,1932,Summer,0,0,0,0
COL,1932,Summer,0,0,0,0
ESA,1932,Summer,0,0,0,0
URU,1932,Summer,1,0,0,1
VEN,1932,Summer,0,0,0,0
LUX,1932,Summer,0,0,0,0
EST,1932,Summer,0,0,0,0
BUL,1932,Summer,0,0,0,0
CHN,1932,Summer,0,0,0,0
GUA,1932,Summer,0,0,0,0
YUG,1932,Summer,0,0,0,0
TUR,1932,Summer,0,0,0,0
MON,1932,Summer,0,0,0,0
EST,1936,Summer,3,2,2,19
NOR,1936,Summer,15,12,1,56
HUN,1936,Summer,15,1,25,143
ITA,1936,Summer,5,34,37,292
EGY,1936,Summer,2,1,2,15
JPN,1936,Summer,10,4,9,67
MON,1936,Summer,0,0,0,0
GBR,1936,Summer,8,16,12,116
ROU,1936,Summer,0,1,0,3
MEX,1936,Summer,16,0,0,16
CHI,1936,Summer,0,0,0,0
USA,1936,Summer,16,29,51,358
GER,1936,Summer,61,70,93,736
CAN,1936,Summer,9,12,1,50
TUR,1936,Summer,1,0,1,6
BEL,1936,Summer,14,0,0,14
URU,1936,Summer,0,0,0,0
PHI,1936,Summer,1,0,0,1
SWE,1936,Summer,17,11,7,85
SUI,1936,Summer,24,23,5,118
AFG,1936,Summer,0,0,0,0
ARG,1936,Summer,4,2,5,35
FIN,1936,Summer,13,6,8,71
BRA,1936,Summer,0,0,0,0
POL,1936,Summer,6,6,0,24
PER,1936,Summer,0,0,0,0
FRA,1936,Summer,18,13,13,122
IND,1936,Summer,0,0,19,95
AUT,1936,Summer,7,42,6,163
DEN,1936,Summer,3,3,0,12
LAT,1936,Summer,1,1,0,4
POR,1936,Summer,3,0,0,3
BUL,1936,Summer,0,0,0,0
GRE,1936,Summer,0,0,0,0
NZL,1936,Summer,0,0,1,5
TCH,1936,Summer,1,12,5,62
AUS,1936,Summer,1,0,0,1
NED,1936,Summer,21,7,9,87
YUG,1936,Summer,0,1,0,3
CHN,1936,Summer,0,0,0,0
BER,1936,Summer,0,0,0,0
MLT,1936,Summer,0,0,0,0
RSA,1936,Summer,0,1,0,3
LUX,1936,Summer,0,0,0,0
BOL,1936,Summer,0,0,0,0
CRC,1936,Summer,0,0,0,0
COL,1936,Summer,0,0,0,0
LIE,1936,Summer,0,0,0,0
ISL,1936,Summer,0,0,0,0
FIN,1948,Summer,8,8,17,117
NOR,1948,Summer,11,4,3,38
IRI,1948,Summer,1,0,0,1
EGY,1948,Summer,1,2,2,17
PAK,1948,Summer,0,0,0,0
MON,1948,Summer,0,0,0,0
URU,1948,Summer,2,1,0,5
SWE,1948,Summer,30,15,30,225
TUR,1948,Summer,2,4,6,44
ITA,1948,Summer,14,32,21,215
CHI,1948,Summer,0,0,0,0
DEN,1948,Summer,27,17,7,113
MEX,1948,Summer,4,1,4,27
FRA,1948,Summer,24,22,26,220
POL,1948,Summer,1,0,1,6
ESP,1948,Summer,0,3,0,9
BEL,1948,Summer,8,2,5,39
GBR,1948,Summer,12,42,7,173
ARG,1948,Summer,1,7,3,37
PHI,1948,Summer,0,0,0,0
SUI,1948,Summer,6,25,5,106
AFG,1948,Summer,0,0,0,0
AUS,1948,Summer,5,9,2,42
CUB,1948,Summer,0,2,0,6
IRL,1948,Summer,1,0,0,1
IND,1948,Summer,0,0,20,100
USA,1948,Summer,35,30,87,560
IRQ,1948,Summer,0,0,0,0
PER,1948,Summer,0,0,1,5
COL,1948,Summer,0,0,0,0
BRA,1948,Summer,10,0,0,10
YUG,1948,Summer,0,16,0,48
AUT,1948,Summer,4,2,2,20
KOR,1948,Summer,2,0,0,2
HUN,1948,Summer,22,25,15,172
NED,1948,Summer,32,2,8,78
LUX,1948,Summer,0,0,0,0
GRE,1948,Summer,0,0,0,0
ISL,1948,Summer,0,0,0,0
RSA,1948,Summer,2,2,2,18
CAN,1948,Summer,5,2,0,11
TCH,1948,Summer,3,3,14,82
PUR,1948,Summer,1,0,0,1
BER,1948,Summer,0,0,0,0
POR,1948,Summer,3,2,0,9
LIB,1948,Summer,0,0,0,0
JAM,1948,Summer,0,2,1,11
LIE,1948,Summer,0,0,0,0
NZL,1948,Summer,0,0,0,0
CHN,1948,Summer,0,0,0,0
GUY,1948,Summer,0,0,0,0
SRI,1948,Summer,0,1,0,3
TTO,1948,Summer,0,1,0,3
MLT,1948,Summer,0,0,0,0
PAN,1948,Summer,2,0,0,2
VEN,1948,Summer,0,0,0,0
MYA,1948,Summer,0,0,0,0
SYR,1948,Summer,0,0,0,0
SGP,1948,Summer,0,0,0,0
FIN,1952,Summer,29,3,8,78
NOR,1952,Summer,0,8,5,49
EGY,1952,Summer,1,0,0,1
FRA,1952,Summer,17,9,14,114
PAK,1952,Summer,0,0,0,0
MON,1952,Summer,0,0,0,0
ESP,1952,Summer,0,1,0,3
SWE,1952,Summer,23,24,23,210
ROU,1952,Summer,2,1,1,10
TUR,1952,Summer,1,0,2,11
ARG,1952,Summer,2,2,2,18
URU,1952,Summer,14,0,0,14
GHA,1952,Summer,0,0,0,0
DEN,1952,Summer,5,1,3,23
HUN,1952,Summer,32,17,53,348
CAN,1952,Summer,0,3,1,14
POL,1952,Summer,1,2,1,12
GER,1952,Summer,26,14,0,68
BRA,1952,Summer,2,0,1,7
USA,1952,Summer,28,23,83,512
CHI,1952,Summer,0,4,0,12
IRI,1952,Summer,4,3,0,13
AUS,1952,Summer,11,2,7,52
ITA,1952,Summer,15,22,17,166
CUB,1952,Summer,0,0,0,0
NGR,1952,Summer,0,0,0,0
AUT,1952,Summer,2,1,0,5
NED,1952,Summer,0,18,0,54
SUI,1952,Summer,12,19,2,79
BAH,1952,Summer,0,0,0,0
URS,1952,Summer,19,62,36,385
BEL,1952,Summer,0,3,5,34
GBR,1952,Summer,26,2,3,47
MEX,1952,Summer,0,1,0,3
POR,1952,Summer,2,0,0,2
VEN,1952,Summer,1,0,0,1
ISR,1952,Summer,0,0,0,0
RSA,1952,Summer,4,8,2,38
LUX,1952,Summer,0,0,1,5
BUL,1952,Summer,1,0,0,1
PUR,1952,Summer,0,0,0,0
SAA,1952,Summer,0,0,0,0
IND,1952,Summer,1,0,14,71
JPN,1952,Summer,2,9,1,34
GRE,1952,Summer,0,0,0,0
NZL,1952,Summer,2,0,1,7
PHI,1952,Summer,0,0,0,0
TCH,1952,Summer,10,4,11,77
YUG,1952,Summer,0,20,4,80
BER,1952,Summer,0,0,0,0
GUA,1952,Summer,0,0,0,0
SGP,1952,Summer,0,0,0,0
ISL,1952,Summer,0,0,0,0
AHO,1952,Summer,0,0,0,0
IRL,1952,Summer,0,1,0,3
VNM,1952,Summer,0,0,0,0
PAN,1952,Summer,0,0,0,0
HKG,1952,Summer,0,0,0,0
KOR,1952,Summer,2,0,0,2
SRI,1952,Summer,0,0,0,0
JAM,1952,Summer,0,3,5,34
LIE,1952,Summer,0,0,0,0
LIB,1952,Summer,1,1,0,4
TTO,1952,Summer,2,0,0,2
THA,1952,Summer,0,0,0,0
MYA,1952,Summer,0,0,0,0
GUY,1952,Summer,0,0,0,0
INA,1952,Summer,0,0,0,0
CHN,1952,Summer,0,0,0,0
NOR,1956,Summer,2,0,1,7
FRA,1956,Summer,13,13,7,87
BUL,1956,Summer,14,3,1,28
RSA,1956,Summer,7,0,0,7
AFG,1956,Summer,0,0,0,0
NZL,1956,Summer,0,0,3,15
BEL,1956,Summer,0,2,0,6
AUS,1956,Summer,26,13,28,205
PHI,1956,Summer,0,0,0,0
URS,1956,Summer,55,46,68,533
TTO,1956,Summer,0,0,0,0
SWE,1956,Summer,6,14,14,118
IND,1956,Summer,0,0,17,85
ARG,1956,Summer,1,1,0,4
MEX,1956,Summer,1,0,1,6
JPN,1956,Summer,5,15,4,70
THA,1956,Summer,0,0,0,0
NGR,1956,Summer,0,0,0,0
TUR,1956,Summer,2,2,3,23
BAH,1956,Summer,2,0,0,2
BRA,1956,Summer,0,0,1,5
MAL,1956,Summer,0,0,0,0
GBR,1956,Summer,22,16,8,110
USA,1956,Summer,20,42,61,451
ITA,1956,Summer,10,11,26,173
DEN,1956,Summer,1,4,1,18
KOR,1956,Summer,1,1,0,4
ROU,1956,Summer,10,3,6,49
KEN,1956,Summer,0,0,0,0
TCH,1956,Summer,1,5,1,21
FIN,1956,Summer,22,1,3,40
COL,1956,Summer,0,0,0,0
CUB,1956,Summer,0,0,0,0
CHI,1956,Summer,2,2,0,8
INA,1956,Summer,0,0,0,0
CAN,1956,Summer,5,9,5,57
PAK,1956,Summer,0,14,0,42
HUN,1956,Summer,14,20,30,224
MYA,1956,Summer,0,0,0,0
POR,1956,Summer,0,0,0,0
IRI,1956,Summer,1,2,2,17
ETH,1956,Summer,0,0,0,0
PER,1956,Summer,0,0,0,0
GER,1956,Summer,23,20,9,128
POL,1956,Summer,9,9,1,41
IRL,1956,Summer,3,1,1,11
LUX,1956,Summer,0,0,0,0
FIJ,1956,Summer,0,0,0,0
VEN,1956,Summer,0,0,0,0
NBO,1956,Summer,0,0,0,0
URU,1956,Summer,12,0,0,12
GRE,1956,Summer,1,0,0,1
AUT,1956,Summer,4,0,0,4
SUI,1956,Summer,3,0,0,3
SGP,1956,Summer,0,0,0,0
TPE,1956,Summer,0,0,0,0
HKG,1956,Summer,0,0,0,0
PUR,1956,Summer,0,0,0,0
ESP,1956,Summer,0,0,0,0
EGY,1956,Summer,0,0,0,0
JAM,1956,Summer,0,0,0,0
SRI,1956,Summer,0,0,0,0
UGA,1956,Summer,0,0,0,0
BER,1956,Summer,0,0,0,0
CAM,1956,Summer,0,0,0,0
GUY,1956,Summer,0,0,0,0
ISL,1956,Summer,0,1,0,3
YUG,1956,Summer,0,23,0,69
LBR,1956,Summer,0,0,0,0
ISR,1956,Summer,0,0,0,0
VNM,1956,Summer,0,0,0,0
NED,1956,Summer,0,0,0,0
NOR,1960,Summer,0,0,2,10
BUL,1960,Summer,3,3,1,17
UAR,1960,Summer,1,1,0,4
SUD,1960,Summer,0,0,0,0
IRQ,1960,Summer,1,0,0,1
PAK,1960,Summer,1,0,13,66
JPN,1960,Summer,12,10,9,87
ISR,1960,Summer,0,0,0,0
SWE,1960,Summer,3,2,2,19
URS,1960,Summer,45,63,61,539
NZL,1960,Summer,1,0,2,11
CHI,1960,Summer,0,0,0,0
PHI,1960,Summer,0,0,0,0
BEL,1960,Summer,2,2,0,8
ARG,1960,Summer,1,3,0,10
MEX,1960,Summer,1,0,0,1
CAN,1960,Summer,0,9,0,27
AUS,1960,Summer,11,24,11,138
FRA,1960,Summer,6,6,0,24
GBR,1960,Summer,15,11,2,58
GHA,1960,Summer,0,1,0,3
GER,1960,Summer,22,33,34,291
ETH,1960,Summer,0,0,1,5
MAR,1960,Summer,0,1,0,3
UGA,1960,Summer,0,0,0,0
AHO,1960,Summer,0,0,0,0
KEN,1960,Summer,0,0,0,0
URU,1960,Summer,0,0,0,0
CUB,1960,Summer,0,0,0,0
FIN,1960,Summer,4,1,1,12
TUR,1960,Summer,0,2,7,41
NGR,1960,Summer,0,0,0,0
TUN,1960,Summer,0,0,0,0
ESP,1960,Summer,14,0,0,14
HUN,1960,Summer,37,16,13,150
PER,1960,Summer,0,0,0,0
SUI,1960,Summer,6,6,0,24
POR,1960,Summer,0,2,0,6
BAH,1960,Summer,0,0,0,0
ITA,1960,Summer,34,18,36,268
NED,1960,Summer,2,1,0,5
BRA,1960,Summer,13,0,0,13
MAL,1960,Summer,0,0,0,0
IRI,1960,Summer,3,1,0,6
USA,1960,Summer,21,23,81,495
POL,1960,Summer,15,11,4,68
VEN,1960,Summer,1,0,0,1
LIB,1960,Summer,0,0,0,0
KOR,1960,Summer,0,0,0,0
ROU,1960,Summer,11,1,3,29
DEN,1960,Summer,4,17,2,65
COL,1960,Summer,0,0,0,0
LUX,1960,Summer,0,0,0,0
YUG,1960,Summer,0,1,16,83
GRE,1960,Summer,0,0,3,15
GUY,1960,Summer,0,0,0,0
THA,1960,Summer,0,0,0,0
IRL,1960,Summer,0,0,0,0
RSA,1960,Summer,2,1,0,5
AUT,1960,Summer,0,2,1,11
RHO,1960,Summer,0,0,0,0
PUR,1960,Summer,0,0,0,0
IND,1960,Summer,0,13,0,39
MON,1960,Summer,0,0,0,0
TCH,1960,Summer,11,7,4,52
WIF,1960,Summer,5,0,0,5
INA,1960,Summer,0,0,0,0
MLT,1960,Summer,0,0,0,0
LIE,1960,Summer,0,0,0,0
PAN,1960,Summer,0,0,0,0
SMR,1960,Summer,0,0,0,0
TPE,1960,Summer,0,1,0,3
HKG,1960,Summer,0,0,0,0
MYA,1960,Summer,0,0,0,0
SGP,1960,Summer,0,1,0,3
SRI,1960,Summer,0,0,0,0
ZIM,1960,Summer,0,0,0,0
BER,1960,Summer,0,0,0,0
AFG,1960,Summer,0,0,0,0
ISL,1960,Summer,0,0,0,0
LBR,1960,Summer,0,0,0,0
HAI,1960,Summer,0,0,0,0
FIJ,1960,Summer,0,0,0,0
VNM,1960,Summer,0,0,0,0
URS,1964,Summer,51,63,60,540
IRQ,1964,Summer,0,0,0,0
EGY,1964,Summer,0,0,0,0
TAN,1964,Summer,0,0,0,0
ARG,1964,Summer,0,1,0,3
SWE,1964,Summer,8,4,3,35
AUS,1964,Summer,30,6,8,88
PER,1964,Summer,0,0,0,0
JPN,1964,Summer,25,5,32,200
GHA,1964,Summer,1,0,0,1
CIV,1964,Summer,0,0,0,0
BUL,1964,Summer,2,5,3,32
GBR,1964,Summer,5,19,4,82
BRA,1964,Summer,12,0,0,12
GER,1964,Summer,50,44,22,292
MAR,1964,Summer,0,0,0,0
PUR,1964,Summer,0,0,0,0
PAK,1964,Summer,0,16,0,48
KEN,1964,Summer,1,0,0,1
IRI,1964,Summer,2,0,0,2
ITA,1964,Summer,9,28,14,163
HUN,1964,Summer,7,7,42,238
ESP,1964,Summer,0,0,0,0
MEX,1964,Summer,1,0,0,1
NGR,1964,Summer,1,0,0,1
NOR,1964,Summer,0,0,0,0
AUT,1964,Summer,0,0,0,0
FRA,1964,Summer,17,13,1,61
TUR,1964,Summer,1,3,2,20
IND,1964,Summer,0,0,15,75
MAS,1964,Summer,0,0,0,0
FIN,1964,Summer,2,0,3,17
SUI,1964,Summer,1,4,1,18
POR,1964,Summer,0,0,0,0
CAN,1964,Summer,1,2,2,17
ETH,1964,Summer,0,0,1,5
PHI,1964,Summer,0,1,0,3
USA,1964,Summer,37,37,95,623
BEL,1964,Summer,1,0,2,11
URU,1964,Summer,1,0,0,1
NED,1964,Summer,16,10,5,71
UGA,1964,Summer,0,0,0,0
KOR,1964,Summer,1,2,0,7
CAM,1964,Summer,0,0,0,0
DEN,1964,Summer,4,1,7,42
IRL,1964,Summer,1,0,0,1
ROU,1964,Summer,10,4,2,32
TCH,1964,Summer,12,37,5,148
POL,1964,Summer,23,13,10,112
LUX,1964,Summer,0,0,0,0
NZL,1964,Summer,2,0,4,22
AFG,1964,Summer,0,0,0,0
LIB,1964,Summer,0,0,0,0
COL,1964,Summer,0,0,0,0
THA,1964,Summer,0,0,0,0
ISR,1964,Summer,0,0,0,0
CUB,1964,Summer,0,1,0,3
TUN,1964,Summer,1,1,0,4
ZAM,1964,Summer,0,0,0,0
TTO,1964,Summer,5,1,0,8
YUG,1964,Summer,2,11,2,45
MGL,1964,Summer,0,0,0,0
ZIM,1964,Summer,0,0,0,0
CRC,1964,Summer,0,0,0,0
MON,1964,Summer,0,0,0,0
MYA,1964,Summer,0,0,0,0
AHO,1964,Summer,0,0,0,0
VEN,1964,Summer,0,0,0,0
JAM,1964,Summer,0,0,0,0
LIE,1964,Summer,0,0,0,0
SRI,1964,Summer,0,0,0,0
MLI,1964,Summer,0,0,0,0
PAN,1964,Summer,0,0,0,0
HKG,1964,Summer,0,0,0,0
TPE,1964,Summer,0,0,0,0
BAH,1964,Summer,0,0,2,10
BER,1964,Summer,0,0,0,0
NIG,1964,Summer,0,0,0,0
SEN,1964,Summer,0,0,0,0
GUY,1964,Summer,0,0,0,0
CGO,1964,Summer,0,0,0,0
GRE,1964,Summer,0,0,0,0
CHI,1964,Summer,0,0,0,0
ISL,1964,Summer,0,0,0,0
NEP,1964,Summer,0,0,0,0
VNM,1964,Summer,0,0,0,0
CHA,1964,Summer,0,0,0,0
BOL,1964,Summer,0,0,0,0
LBR,1964,Summer,0,0,0,0
ALG,1964,Summer,0,0,0,0
CMR,1964,Summer,0,0,0,0
MAD,1964,Summer,0,0,0,0
DOM,1964,Summer,0,0,0,0
NOR,1968,Summer,0,2,4,26
CMR,1968,Summer,0,1,0,3
MEX,1968,Summer,3,3,3,27
SUD,1968,Summer,0,0,0,0
MAS,1968,Summer,0,0,0,0
NGR,1968,Summer,0,0,0,0
PHI,1968,Summer,0,0,0,0
JPN,1968,Summer,22,25,16,177
ARG,1968,Summer,2,0,0,2
LIB,1968,Summer,0,0,0,0
EGY,1968,Summer,0,0,0,0
FRA,1968,Summer,10,5,12,85
POR,1968,Summer,0,0,0,0
PER,1968,Summer,0,0,0,0
TUR,1968,Summer,0,0,2,10
ESA,1968,Summer,0,0,0,0
GBR,1968,Summer,5,5,9,65
NED,1968,Summer,1,7,6,52
GHA,1968,Summer,0,0,0,0
BUL,1968,Summer,3,21,2,76
FRG,1968,Summer,18,16,17,151
PUR,1968,Summer,0,0,0,0
URS,1968,Summer,64,63,65,578
PAN,1968,Summer,0,0,0,0
CRC,1968,Summer,0,0,0,0
MAR,1968,Summer,0,0,0,0
URU,1968,Summer,0,0,0,0
PAK,1968,Summer,0,0,13,65
FIN,1968,Summer,1,2,1,12
AUT,1968,Summer,3,2,0,9
SWE,1968,Summer,1,4,4,33
IRQ,1968,Summer,0,0,0,0
ESP,1968,Summer,0,0,0,0
ITA,1968,Summer,20,8,5,69
BAH,1968,Summer,0,0,0,0
GUA,1968,Summer,0,0,0,0
CUB,1968,Summer,0,10,0,30
ETH,1968,Summer,0,1,1,8
BRA,1968,Summer,3,1,0,6
TCH,1968,Summer,15,7,7,71
ROU,1968,Summer,9,9,5,61
GRE,1968,Summer,1,0,0,1
HUN,1968,Summer,29,20,32,249
USA,1968,Summer,35,32,99,626
AUS,1968,Summer,11,35,5,141
SUI,1968,Summer,10,3,0,19
POL,1968,Summer,30,2,5,61
GUY,1968,Summer,0,0,0,0
GDR,1968,Summer,19,20,13,144
KOR,1968,Summer,1,1,0,4
ECU,1968,Summer,0,0,0,0
DEN,1968,Summer,6,6,5,49
BIZ,1968,Summer,0,0,0,0
CAN,1968,Summer,4,3,3,28
YUG,1968,Summer,2,14,13,109
AHO,1968,Summer,0,0,0,0
NZL,1968,Summer,2,0,5,27
IRI,1968,Summer,2,1,2,15
COL,1968,Summer,0,0,0,0
TTO,1968,Summer,0,0,0,0
NCA,1968,Summer,0,0,0,0
KEN,1968,Summer,2,7,3,38
BOL,1968,Summer,0,0,0,0
THA,1968,Summer,0,0,0,0
CHI,1968,Summer,0,0,0,0
TUN,1968,Summer,1,0,1,6
AFG,1968,Summer,0,0,0,0
BEL,1968,Summer,2,1,0,5
MLI,1968,Summer,0,0,0,0
SYR,1968,Summer,0,0,0,0
IRL,1968,Summer,0,0,0,0
GUI,1968,Summer,0,0,0,0
ISR,1968,Summer,0,0,0,0
HON,1968,Summer,0,0,0,0
COD,1968,Summer,0,0,0,0
MON,1968,Summer,0,0,0,0
MGL,1968,Summer,3,1,0,6
BER,1968,Summer,0,0,0,0
LIE,1968,Summer,0,0,0,0
ISV,1968,Summer,0,0,0,0
VEN,1968,Summer,0,0,1,5
JAM,1968,Summer,0,1,0,3
VNM,1968,Summer,0,0,0,0
BAR,1968,Summer,0,0,0,0
SEN,1968,Summer,0,0,0,0
DOM,1968,Summer,0,0,0,0
TPE,1968,Summer,1,0,0,1
IND,1968,Summer,16,0,0,16
TAN,1968,Summer,0,0,0,0
SGP,1968,Summer,0,0,0,0
SLE,1968,Summer,0,0,0,0
HKG,1968,Summer,0,0,0,0
PAR,1968,Summer,0,0,0,0
NIG,1968,Summer,0,0,0,0
KUW,1968,Summer,0,0,0,0
INA,1968,Summer,0,0,0,0
CIV,1968,Summer,0,0,0,0
UGA,1968,Summer,1,1,0,4
LUX,1968,Summer,0,0,0,0
SMR,1968,Summer,0,0,0,0
ISL,1968,Summer,0,0,0,0
MLT,1968,Summer,0,0,0,0
MYA,1968,Summer,0,0,0,0
CHA,1968,Summer,0,0,0,0
ZAM,1968,Summer,0,0,0,0
SRI,1968,Summer,0,0,0,0
LBA,1968,Summer,0,0,0,0
ALG,1968,Summer,0,0,0,0
FIJ,1968,Summer,0,0,0,0
CAF,1968,Summer,0,0,0,0
SUR,1968,Summer,0,0,0,0
MAD,1968,Summer,0,0,0,0
NOR,1972,Summer,4,2,2,20
SUD,1972,Summer,0,0,0,0
NGR,1972,Summer,1,0,0,1
CHA,1972,Summer,0,0,0,0
TAN,1972,Summer,0,0,0,0
KUW,1972,Summer,0,0,0,0
EGY,1972,Summer,0,0,0,0
ETH,1972,Summer,2,0,0,2
URS,1972,Summer,60,47,107,736
JPN,1972,Summer,8,19,29,210
BRA,1972,Summer,2,0,0,2
GDR,1972,Summer,57,64,30,399
ARG,1972,Summer,0,1,0,3
ITA,1972,Summer,13,3,9,67
AUS,1972,Summer,2,7,11,78
SOM,1972,Summer,0,0,0,0
LIB,1972,Summer,0,1,0,3
USA,1972,Summer,43,59,69,565
FRA,1972,Summer,15,5,2,40
COL,1972,Summer,2,1,0,5
PER,1972,Summer,0,0,0,0
GBR,1972,Summer,12,9,8,79
CUB,1972,Summer,18,1,3,36
GHA,1972,Summer,1,0,0,1
URU,1972,Summer,0,0,0,0
POL,1972,Summer,11,8,27,170
IRI,1972,Summer,1,2,0,7
CAN,1972,Summer,9,2,0,15
FRG,1972,Summer,39,19,44,316
CMR,1972,Summer,0,0,0,0
UGA,1972,Summer,0,1,1,8
HUN,1972,Summer,25,46,10,213
PHI,1972,Summer,0,0,0,0
TOG,1972,Summer,0,0,0,0
AHO,1972,Summer,0,0,0,0
AUT,1972,Summer,2,1,0,5
SUI,1972,Summer,0,8,0,24
BEN,1972,Summer,0,0,0,0
ROU,1972,Summer,27,10,3,72
MEX,1972,Summer,0,1,0,3
DEN,1972,Summer,0,0,1,5
NED,1972,Summer,2,1,3,20
FIN,1972,Summer,6,1,3,24
TUR,1972,Summer,0,1,0,3
MAR,1972,Summer,0,0,0,0
KSA,1972,Summer,0,0,0,0
SWE,1972,Summer,8,10,4,58
POR,1972,Summer,0,0,0,0
YUG,1972,Summer,2,1,15,80
PUR,1972,Summer,0,0,0,0
TCH,1972,Summer,6,21,2,79
ALG,1972,Summer,0,0,0,0
INA,1972,Summer,0,0,0,0
PAK,1972,Summer,0,15,0,45
JAM,1972,Summer,1,0,0,1
ISR,1972,Summer,0,0,0,0
ESP,1972,Summer,1,0,0,1
ISV,1972,Summer,0,0,0,0
ESA,1972,Summer,0,0,0,0
MAS,1972,Summer,0,0,0,0
BER,1972,Summer,0,0,0,0
KEN,1972,Summer,4,3,5,38
BUL,1972,Summer,6,10,6,66
KOR,1972,Summer,0,1,0,3
SEN,1972,Summer,0,0,0,0
MAD,1972,Summer,0,0,0,0
LUX,1972,Summer,0,0,0,0
BEL,1972,Summer,0,2,0,6
NZL,1972,Summer,1,4,9,58
THA,1972,Summer,0,0,0,0
TTO,1972,Summer,0,0,0,0
AFG,1972,Summer,0,0,0,0
BOL,1972,Summer,0,0,0,0
PAN,1972,Summer,0,0,0,0
GUY,1972,Summer,0,0,0,0
GRE,1972,Summer,0,2,0,6
ISL,1972,Summer,0,0,0,0
MYA,1972,Summer,0,0,0,0
CIV,1972,Summer,0,0,0,0
IND,1972,Summer,14,0,0,14
MGL,1972,Summer,0,1,0,3
IRL,1972,Summer,0,0,0,0
LIE,1972,Summer,0,0,0,0
VEN,1972,Summer,0,0,0,0
CHI,1972,Summer,0,0,0,0
MON,1972,Summer,0,0,0,0
BAH,1972,Summer,0,0,0,0
CGO,1972,Summer,0,0,0,0
BAR,1972,Summer,0,0,0,0
TUN,1972,Summer,0,1,0,3
DOM,1972,Summer,0,0,0,0
MLT,1972,Summer,0,0,0,0
BUR,1972,Summer,0,0,0,0
SUR,1972,Summer,0,0,0,0
GUA,1972,Summer,0,0,0,0
MLI,1972,Summer,0,0,0,0
NCA,1972,Summer,0,0,0,0
SMR,1972,Summer,0,0,0,0
CRC,1972,Summer,0,0,0,0
HKG,1972,Summer,0,0,0,0
SGP,1972,Summer,0,0,0,0
TPE,1972,Summer,0,0,0,0
HAI,1972,Summer,0,0,0,0
CAM,1972,Summer,0,0,0,0
ZAM,1972,Summer,0,0,0,0
MAW,1972,Summer,0,0,0,0
NIG,1972,Summer,1,0,0,1
ECU,1972,Summer,0,0,0,0
SYR,1972,Summer,0,0,0,0
PAR,1972,Summer,0,0,0,0
SRI,1972,Summer,0,0,0,0
PRK,1972,Summer,13,1,1,21
VNM,1972,Summer,0,0,0,0
LBR,1972,Summer,0,0,0,0
NEP,1972,Summer,0,0,0,0
ALB,1972,Summer,0,0,0,0
SWZ,1972,Summer,0,0,0,0
GAB,1972,Summer,0,0,0,0
LES,1972,Summer,0,0,0,0
BIZ,1972,Summer,0,0,0,0
FIJ,1972,Summer,0,0,0,0
FRA,1976,Summer,8,7,5,54
ESP,1976,Summer,0,6,0,18
NCA,1976,Summer,0,0,0,0
KUW,1976,Summer,0,0,0,0
CAN,1976,Summer,14,9,0,41
EGY,1976,Summer,0,0,0,0
TUN,1976,Summer,0,0,0,0
IRI,1976,Summer,1,1,0,4
JPN,1976,Summer,10,6,25,153
BRA,1976,Summer,3,0,0,3
ARG,1976,Summer,0,0,0,0
BUL,1976,Summer,18,13,8,97
NED,1976,Summer,12,2,0,18
GBR,1976,Summer,11,15,6,86
PAN,1976,Summer,0,0,0,0
USA,1976,Summer,36,58,70,560
CUB,1976,Summer,14,4,6,56
PAR,1976,Summer,0,0,0,0
POR,1976,Summer,0,2,0,6
URS,1976,Summer,77,95,114,932
NZL,1976,Summer,9,1,15,87
TCH,1976,Summer,9,4,2,31
AUS,1976,Summer,8,15,0,53
GDR,1976,Summer,42,51,102,705
POL,1976,Summer,26,29,18,203
TTO,1976,Summer,0,0,1,5
SUI,1976,Summer,6,3,1,20
ROU,1976,Summer,23,28,4,127
FRG,1976,Summer,32,25,21,212
GRE,1976,Summer,0,0,0,0
MEX,1976,Summer,1,0,1,6
MAS,1976,Summer,0,0,0,0
FIN,1976,Summer,0,2,4,26
TUR,1976,Summer,0,0,0,0
KSA,1976,Summer,0,0,0,0
BEL,1976,Summer,6,3,0,15
ITA,1976,Summer,4,25,2,89
SWE,1976,Summer,0,1,9,48
URU,1976,Summer,0,0,0,0
YUG,1976,Summer,3,14,2,55
COL,1976,Summer,0,0,0,0
ISL,1976,Summer,0,0,0,0
IND,1976,Summer,0,0,0,0
PAK,1976,Summer,16,0,0,16
JAM,1976,Summer,0,1,1,8
PHI,1976,Summer,0,0,0,0
CRC,1976,Summer,0,0,0,0
PUR,1976,Summer,1,0,0,1
HUN,1976,Summer,35,6,14,123
DOM,1976,Summer,0,0,0,0
NOR,1976,Summer,0,4,2,22
PRK,1976,Summer,0,1,1,8
KOR,1976,Summer,15,1,1,23
DEN,1976,Summer,5,0,3,20
GUA,1976,Summer,0,0,0,0
ISV,1976,Summer,0,0,0,0
VEN,1976,Summer,0,1,0,3
THA,1976,Summer,1,0,0,1
AUT,1976,Summer,1,0,0,1
CIV,1976,Summer,0,0,0,0
SEN,1976,Summer,0,0,0,0
MAR,1976,Summer,0,0,0,0
MGL,1976,Summer,0,1,0,3
ISR,1976,Summer,0,0,0,0
MON,1976,Summer,0,0,0,0
BER,1976,Summer,1,0,0,1
LUX,1976,Summer,0,0,0,0
SUR,1976,Summer,0,0,0,0
LIE,1976,Summer,0,0,0,0
IRL,1976,Summer,0,0,0,0
BAH,1976,Summer,0,0,0,0
PER,1976,Summer,0,0,0,0
SMR,1976,Summer,0,0,0,0
HKG,1976,Summer,0,0,0,0
HAI,1976,Summer,0,0,0,0
SGP,1976,Summer,0,0,0,0
ANT,1976,Summer,0,0,0,0
BAR,1976,Summer,0,0,0,0
PNG,1976,Summer,0,0,0,0
ECU,1976,Summer,0,0,0,0
AND,1976,Summer,0,0,0,0
CHI,1976,Summer,0,0,0,0
LIB,1976,Summer,0,0,0,0
AHO,1976,Summer,0,0,0,0
HON,1976,Summer,0,0,0,0
BOL,1976,Summer,0,0,0,0
INA,1976,Summer,0,0,0,0
CAY,1976,Summer,0,0,0,0
CMR,1976,Summer,0,0,0,0
NEP,1976,Summer,0,0,0,0
FIJ,1976,Summer,0,0,0,0
BIZ,1976,Summer,0,0,0,0
ESP,1980,Summer,3,19,2,70
URS,1980,Summer,126,129,187,1448
ITA,1980,Summer,8,21,8,111
KUW,1980,Summer,0,0,0,0
ALG,1980,Summer,0,0,0,0
IRQ,1980,Summer,0,0,0,0
SYR,1980,Summer,0,0,0,0
LBA,1980,Summer,0,0,0,0
CGO,1980,Summer,0,0,0,0
BUL,1980,Summer,38,44,8,210
BEN,1980,Summer,0,0,0,0
GBR,1980,Summer,24,18,5,103
POL,1980,Summer,22,25,3,112
CUB,1980,Summer,5,7,8,66
POR,1980,Summer,0,0,0,0
VEN,1980,Summer,0,1,0,3
TCH,1980,Summer,16,18,17,155
TTO,1980,Summer,0,0,0,0
AUS,1980,Summer,5,2,6,41
SWE,1980,Summer,9,8,3,48
NED,1980,Summer,5,1,0,8
NGR,1980,Summer,0,0,0,0
BRA,1980,Summer,5,0,4,25
MGL,1980,Summer,2,2,0,8
SUI,1980,Summer,0,0,2,10
SEY,1980,Summer,0,0,0,0
FRA,1980,Summer,6,5,18,111
MLT,1980,Summer,0,0,0,0
GUI,1980,Summer,0,0,0,0
CRC,1980,Summer,0,0,0,0
CMR,1980,Summer,0,0,0,0
IND,1980,Summer,0,0,16,80
FIN,1980,Summer,5,1,3,23
SLE,1980,Summer,0,0,0,0
UGA,1980,Summer,0,1,0,3
AFG,1980,Summer,0,0,0,0
LIB,1980,Summer,1,0,0,1
BEL,1980,Summer,0,0,1,5
JAM,1980,Summer,3,0,0,3
YUG,1980,Summer,17,27,13,163
ETH,1980,Summer,2,0,2,12
GRE,1980,Summer,4,0,1,9
AUT,1980,Summer,1,3,1,15
MOZ,1980,Summer,0,0,0,0
COL,1980,Summer,0,0,0,0
NCA,1980,Summer,0,0,0,0
TAN,1980,Summer,0,2,0,6
HUN,1980,Summer,40,13,8,119
MEX,1980,Summer,9,1,0,12
GDR,1980,Summer,61,88,115,900
ROU,1980,Summer,46,15,7,126
MAD,1980,Summer,0,0,0,0
GUY,1980,Summer,1,0,0,1
CYP,1980,Summer,0,0,0,0
ECU,1980,Summer,0,0,0,0
PER,1980,Summer,0,0,0,0
SEN,1980,Summer,0,0,0,0
ZAM,1980,Summer,0,0,0,0
DEN,1980,Summer,2,2,4,28
NEP,1980,Summer,0,0,0,0
IRL,1980,Summer,1,2,0,7
ISL,1980,Summer,0,0,0,0
LAO,1980,Summer,0,0,0,0
LUX,1980,Summer,0,0,0,0
ANG,1980,Summer,0,0,0,0
ZIM,1980,Summer,0,0,15,75
SMR,1980,Summer,0,0,0,0
DOM,1980,Summer,0,0,0,0
PRK,1980,Summer,2,3,0,11
BOT,1980,Summer,0,0,0,0
VIE,1980,Summer,0,0,0,0
GUA,1980,Summer,0,0,0,0
SRI,1980,Summer,0,0,0,0
MLI,1980,Summer,0,0,0,0
NZL,1980,Summer,0,0,0,0
AND,1980,Summer,0,0,0,0
LES,1980,Summer,0,0,0,0
JOR,1980,Summer,0,0,0,0
PUR,1980,Summer,0,0,0,0
MYA,1980,Summer,0,0,0,0
NED,1984,Summer,14,7,20,135
ESP,1984,Summer,3,14,2,55
CHI,1984,Summer,0,0,0,0
ITA,1984,Summer,28,6,29,191
MAS,1984,Summer,0,0,0,0
JOR,1984,Summer,0,0,0,0
EGY,1984,Summer,0,1,0,3
CAN,1984,Summer,32,36,19,235
KSA,1984,Summer,0,0,0,0
BRN,1984,Summer,0,0,0,0
UAE,1984,Summer,0,0,0,0
JPN,1984,Summer,31,8,10,105
CMR,1984,Summer,1,0,0,1
FRA,1984,Summer,31,16,20,179
BEN,1984,Summer,0,0,0,0
ALG,1984,Summer,2,0,0,2
IRQ,1984,Summer,0,0,0,0
IND,1984,Summer,0,0,0,0
CRC,1984,Summer,0,0,0,0
USA,1984,Summer,50,116,186,1328
BRA,1984,Summer,2,33,1,106
KUW,1984,Summer,0,0,0,0
AUS,1984,Summer,31,14,7,108
MEX,1984,Summer,1,3,2,20
UGA,1984,Summer,0,0,0,0
ECU,1984,Summer,0,0,0,0
NZL,1984,Summer,6,1,16,89
KEN,1984,Summer,2,0,1,7
DOM,1984,Summer,1,0,0,1
JAM,1984,Summer,2,5,0,17
GHA,1984,Summer,0,0,0,0
NGR,1984,Summer,4,1,0,7
SOM,1984,Summer,0,0,0,0
CIV,1984,Summer,0,1,0,3
SWE,1984,Summer,13,18,3,82
MON,1984,Summer,0,0,0,0
INA,1984,Summer,0,0,0,0
ISL,1984,Summer,1,0,0,1
MAR,1984,Summer,0,0,2,10
ROU,1984,Summer,35,31,40,328
MLT,1984,Summer,0,0,0,0
LUX,1984,Summer,0,0,0,0
FRG,1984,Summer,53,75,30,428
PUR,1984,Summer,1,1,0,4
CYP,1984,Summer,0,0,0,0
ARG,1984,Summer,0,0,0,0
PAN,1984,Summer,0,0,0,0
NOR,1984,Summer,3,1,0,6
QAT,1984,Summer,0,0,0,0
PAK,1984,Summer,0,0,16,80
SYR,1984,Summer,0,1,0,3
GBR,1984,Summer,42,20,9,147
TUR,1984,Summer,3,0,0,3
SUD,1984,Summer,0,0,0,0
FIN,1984,Summer,6,2,4,32
OMA,1984,Summer,0,0,0,0
YAR,1984,Summer,0,0,0,0
GRE,1984,Summer,1,1,0,4
NIG,1984,Summer,0,0,0,0
GUA,1984,Summer,0,0,0,0
TUN,1984,Summer,0,0,0,0
PER,1984,Summer,0,1,0,3
THA,1984,Summer,0,1,0,3
CAF,1984,Summer,0,0,0,0
VEN,1984,Summer,3,0,0,3
ISR,1984,Summer,0,0,0,0
SUI,1984,Summer,4,9,0,31
TAN,1984,Summer,0,0,0,0
KOR,1984,Summer,7,28,6,121
YUG,1984,Summer,35,5,47,285
DEN,1984,Summer,10,3,0,19
MRI,1984,Summer,0,0,0,0
SGP,1984,Summer,0,0,0,0
POR,1984,Summer,2,0,1,7
BEL,1984,Summer,2,2,1,13
COL,1984,Summer,0,1,0,3
TTO,1984,Summer,0,0,0,0
AUT,1984,Summer,1,1,1,9
LIB,1984,Summer,0,0,0,0
BOL,1984,Summer,0,0,0,0
FIJ,1984,Summer,0,0,0,0
PHI,1984,Summer,0,0,0,0
SOL,1984,Summer,0,0,0,0
SAM,1984,Summer,0,0,0,0
HON,1984,Summer,0,0,0,0
MAW,1984,Summer,0,0,0,0
CHN,1984,Summer,37,13,24,196
SEN,1984,Summer,0,0,0,0
COD,1984,Summer,0,0,0,0
BOT,1984,Summer,0,0,0,0
IVB,1984,Summer,0,0,0,0
GUY,1984,Summer,0,0,0,0
GRN,1984,Summer,0,0,0,0
BAR,1984,Summer,0,0,0,0
AHO,1984,Summer,0,0,0,0
CGO,1984,Summer,0,0,0,0
SLE,1984,Summer,0,0,0,0
ANT,1984,Summer,0,0,0,0
PAR,1984,Summer,0,0,0,0
ISV,1984,Summer,0,0,0,0
MAD,1984,Summer,0,0,0,0
CAY,1984,Summer,0,0,0,0
TOG,1984,Summer,0,0,0,0
SRI,1984,Summer,0,0,0,0
SMR,1984,Summer,0,0,0,0
SEY,1984,Summer,0,0,0,0
GEQ,1984,Summer,0,0,0,0
PNG,1984,Summer,0,0,0,0
LIE,1984,Summer,0,0,0,0
BER,1984,Summer,0,0,0,0
RWA,1984,Summer,0,0,0,0
ESA,1984,Summer,0,0,0,0
IRL,1984,Summer,0,1,0,3
GAM,1984,Summer,0,0,0,0
NCA,1984,Summer,0,0,0,0
TPE,1984,Summer,1,0,0,1
DJI,1984,Summer,0,0,0,0
BIZ,1984,Summer,0,0,0,0
HKG,1984,Summer,0,0,0,0
BHU,1984,Summer,0,0,0,0
ZAM,1984,Summer,1,0,0,1
ZIM,1984,Summer,0,0,0,0
MOZ,1984,Summer,0,0,0,0
BAH,1984,Summer,0,0,0,0
SUR,1984,Summer,0,0,0,0
LBR,1984,Summer,0,0,0,0
BAN,1984,Summer,0,0,0,0
GUI,1984,Summer,0,0,0,0
MTN,1984,Summer,0,0,0,0
MLI,1984,Summer,0,0,0,0
CHA,1984,Summer,0,0,0,0
SWZ,1984,Summer,0,0,0,0
URU,1984,Summer,0,0,0,0
HAI,1984,Summer,0,0,0,0
AND,1984,Summer,0,0,0,0
NEP,1984,Summer,0,0,0,0
TGA,1984,Summer,0,0,0,0
MYA,1984,Summer,0,0,0,0
GAB,1984,Summer,0,0,0,0
LES,1984,Summer,0,0,0,0
NED,1988,Summer,36,6,3,69
BUL,1988,Summer,17,14,10,109
ITA,1988,Summer,8,10,11,93
LIB,1988,Summer,0,0,0,0
EGY,1988,Summer,0,0,0,0
ALG,1988,Summer,0,0,0,0
DJI,1988,Summer,1,0,0,1
MDV,1988,Summer,0,0,0,0
YAR,1988,Summer,0,0,0,0
UAE,1988,Summer,0,0,0,0
NGR,1988,Summer,0,0,0,0
KUW,1988,Summer,0,0,0,0
URS,1988,Summer,99,67,134,970
JPN,1988,Summer,13,3,4,42
ESP,1988,Summer,2,2,1,13
SWE,1988,Summer,11,5,0,26
GDR,1988,Summer,48,54,79,605
TUN,1988,Summer,0,0,0,0
IRQ,1988,Summer,0,0,0,0
NIG,1988,Summer,0,0,0,0
LBA,1988,Summer,0,0,0,0
HUN,1988,Summer,15,9,20,142
IND,1988,Summer,0,0,0,0
GUY,1988,Summer,0,0,0,0
POR,1988,Summer,0,0,1,5
FRA,1988,Summer,13,4,12,85
USA,1988,Summer,54,66,87,687
FRG,1988,Summer,46,37,32,317
KEN,1988,Summer,2,2,5,33
JOR,1988,Summer,0,0,0,0
URU,1988,Summer,0,0,0,0
MAR,1988,Summer,2,0,1,7
CMR,1988,Summer,0,0,0,0
UGA,1988,Summer,0,0,0,0
BRA,1988,Summer,5,17,1,61
MEX,1988,Summer,2,0,0,2
MTN,1988,Summer,0,0,0,0
TCH,1988,Summer,3,4,3,30
VIN,1988,Summer,0,0,0,0
GBR,1988,Summer,15,17,22,176
PUR,1988,Summer,0,0,0,0
AUS,1988,Summer,11,6,18,119
JAM,1988,Summer,0,7,0,21
PHI,1988,Summer,1,0,0,1
SOM,1988,Summer,0,0,0,0
GHA,1988,Summer,0,0,0,0
ARG,1988,Summer,12,1,0,15
INA,1988,Summer,0,3,0,9
SUI,1988,Summer,2,6,0,20
IRI,1988,Summer,0,1,0,3
PAK,1988,Summer,1,0,0,1
HAI,1988,Summer,0,0,0,0
MLT,1988,Summer,0,0,0,0
TOG,1988,Summer,0,0,0,0
CRC,1988,Summer,0,1,0,3
CHI,1988,Summer,0,1,0,3
YMD,1988,Summer,0,0,0,0
FIN,1988,Summer,2,1,1,10
TUR,1988,Summer,0,1,1,8
TAN,1988,Summer,0,0,0,0
KSA,1988,Summer,0,0,0,0
SYR,1988,Summer,0,0,0,0
OMA,1988,Summer,0,0,0,0
BRN,1988,Summer,0,0,0,0
QAT,1988,Summer,0,0,0,0
BAN,1988,Summer,0,0,0,0
BEN,1988,Summer,0,0,0,0
COL,1988,Summer,1,0,0,1
CAN,1988,Summer,14,5,4,49
DOM,1988,Summer,0,0,0,0
GRE,1988,Summer,1,0,0,1
BER,1988,Summer,0,0,0,0
SAM,1988,Summer,0,0,0,0
NOR,1988,Summer,0,20,2,70
PER,1988,Summer,0,12,0,36
MAS,1988,Summer,0,0,0,0
CAF,1988,Summer,0,0,0,0
YUG,1988,Summer,21,27,15,177
ISR,1988,Summer,0,0,0,0
COD,1988,Summer,0,0,0,0
KOR,1988,Summer,12,37,28,263
GUM,1988,Summer,0,0,0,0
NZL,1988,Summer,16,4,4,48
ROU,1988,Summer,16,34,8,158
SGP,1988,Summer,0,0,0,0
HON,1988,Summer,0,0,0,0
SUD,1988,Summer,0,0,0,0
AUT,1988,Summer,0,0,1,5
BEL,1988,Summer,2,0,0,2
GUA,1988,Summer,0,0,0,0
ISL,1988,Summer,0,0,0,0
MOZ,1988,Summer,0,0,0,0
LUX,1988,Summer,0,0,0,0
IVB,1988,Summer,0,0,0,0
FIJ,1988,Summer,0,0,0,0
SUR,1988,Summer,0,0,1,5
BAR,1988,Summer,0,0,0,0
SEN,1988,Summer,0,1,0,3
HKG,1988,Summer,0,0,0,0
PNG,1988,Summer,0,0,0,0
ESA,1988,Summer,0,0,0,0
MGL,1988,Summer,1,0,0,1
CYP,1988,Summer,0,0,0,0
CIV,1988,Summer,0,0,0,0
MAW,1988,Summer,0,0,0,0
GUI,1988,Summer,0,0,0,0
CAY,1988,Summer,0,0,0,0
ISV,1988,Summer,0,1,0,3
ZIM,1988,Summer,0,0,0,0
POL,1988,Summer,10,9,2,47
DEN,1988,Summer,3,1,3,21
ANG,1988,Summer,0,0,0,0
NEP,1988,Summer,0,0,0,0
LIE,1988,Summer,0,0,0,0
MON,1988,Summer,0,0,0,0
SOL,1988,Summer,0,0,0,0
BOL,1988,Summer,0,0,0,0
BIZ,1988,Summer,0,0,0,0
CGO,1988,Summer,0,0,0,0
SMR,1988,Summer,0,0,0,0
CHN,1988,Summer,30,16,6,108
LBR,1988,Summer,0,0,0,0
PAR,1988,Summer,0,0,0,0
VEN,1988,Summer,0,0,0,0
SRI,1988,Summer,0,0,0,0
GEQ,1988,Summer,0,0,0,0
GAB,1988,Summer,0,0,0,0
ANT,1988,Summer,0,0,0,0
IRL,1988,Summer,0,0,0,0
ZAM,1988,Summer,0,0,0,0
MLI,1988,Summer,0,0,0,0
ECU,1988,Summer,0,0,0,0
TPE,1988,Summer,0,0,0,0
THA,1988,Summer,1,0,0,1
TTO,1988,Summer,0,0,0,0
MRI,1988,Summer,0,0,0,0
GRN,1988,Summer,0,0,0,0
BAH,1988,Summer,0,0,0,0
AFG,1988,Summer,0,0,0,0
GAM,1988,Summer,0,0,0,0
VAN,1988,Summer,0,0,0,0
VIE,1988,Summer,0,0,0,0
PAN,1988,Summer,0,0,0,0
SWZ,1988,Summer,0,0,0,0
SLE,1988,Summer,0,0,0,0
BHU,1988,Summer,0,0,0,0
RWA,1988,Summer,0,0,0,0
ASA,1988,Summer,0,0,0,0
TGA,1988,Summer,0,0,0,0
ARU,1988,Summer,0,0,0,0
CHA,1988,Summer,0,0,0,0
BOT,1988,Summer,0,0,0,0
AND,1988,Summer,0,0,0,0
AHO,1988,Summer,0,1,0,3
BUR,1988,Summer,0,0,0,0
COK,1988,Summer,0,0,0,0
LES,1988,Summer,0,0,0,0
MYA,1988,Summer,0,0,0,0
LAO,1988,Summer,0,0,0,0
CHN,1992,Summer,19,45,18,244
FIN,1992,Summer,2,4,1,19
NOR,1992,Summer,1,20,2,71
EST,1992,Summer,2,0,1,7
CHA,1992,Summer,0,0,0,0
CUB,1992,Summer,14,13,42,263
CHI,1992,Summer,0,0,0,0
AUS,1992,Summer,16,27,14,167
PAK,1992,Summer,16,0,0,16
EGY,1992,Summer,0,0,0,0
ALG,1992,Summer,1,0,1,6
QAT,1992,Summer,1,0,0,1
DJI,1992,Summer,0,0,0,0
MAS,1992,Summer,2,0,0,2
IRQ,1992,Summer,0,0,0,0
KUW,1992,Summer,0,0,0,0
SGP,1992,Summer,0,0,0,0
EUN,1992,Summer,67,61,92,710
JPN,1992,Summer,36,8,3,75
ETH,1992,Summer,2,0,1,7
ESP,1992,Summer,2,19,48,299
CIV,1992,Summer,0,0,0,0
IND,1992,Summer,0,0,0,0
MAR,1992,Summer,1,1,1,9
POR,1992,Summer,0,0,0,0
PUR,1992,Summer,1,0,0,1
COL,1992,Summer,1,0,0,1
GHA,1992,Summer,20,0,0,20
MEX,1992,Summer,0,1,0,3
SEY,1992,Summer,0,0,0,0
GBR,1992,Summer,39,3,8,88
KEN,1992,Summer,2,4,2,24
TCH,1992,Summer,1,3,4,30
GER,1992,Summer,60,57,81,636
USA,1992,Summer,85,50,89,680
FRA,1992,Summer,43,5,9,103
RSA,1992,Summer,0,3,0,9
NGR,1992,Summer,4,7,0,25
BRA,1992,Summer,0,1,13,68
SWE,1992,Summer,7,27,1,93
SUI,1992,Summer,0,0,1,5
IRI,1992,Summer,2,1,0,5
BEN,1992,Summer,0,0,0,0
HUN,1992,Summer,8,23,14,147
PAN,1992,Summer,0,0,0,0
ARG,1992,Summer,2,0,0,2
NCA,1992,Summer,0,0,0,0
TOG,1992,Summer,0,0,0,0
LBA,1992,Summer,0,0,0,0
MTN,1992,Summer,0,0,0,0
ITA,1992,Summer,14,10,21,149
UAE,1992,Summer,0,0,0,0
BRN,1992,Summer,0,0,0,0
OMA,1992,Summer,0,0,0,0
SYR,1992,Summer,0,0,0,0
KSA,1992,Summer,0,0,0,0
YEM,1992,Summer,0,0,0,0
JOR,1992,Summer,0,0,0,0
IOA,1992,Summer,2,1,0,5
CAN,1992,Summer,12,5,27,162
POL,1992,Summer,19,22,5,110
BUL,1992,Summer,7,7,3,43
ISV,1992,Summer,0,0,0,0
SAM,1992,Summer,0,0,0,0
BAR,1992,Summer,0,0,0,0
GUM,1992,Summer,0,0,0,0
PHI,1992,Summer,1,0,0,1
PAR,1992,Summer,0,0,0,0
CRC,1992,Summer,0,0,0,0
PER,1992,Summer,0,1,0,3
CAF,1992,Summer,0,0,0,0
SLE,1992,Summer,0,0,0,0
BAN,1992,Summer,0,0,0,0
SRI,1992,Summer,0,0,0,0
SMR,1992,Summer,0,0,0,0
ISR,1992,Summer,1,1,0,4
MDV,1992,Summer,0,0,0,0
COD,1992,Summer,0,0,0,0
AUT,1992,Summer,0,6,0,18
KOR,1992,Summer,16,5,28,171
PRK,1992,Summer,6,0,4,26
DEN,1992,Summer,9,2,3,30
NZL,1992,Summer,5,9,1,37
ISL,1992,Summer,0,0,0,0
ROU,1992,Summer,14,31,8,147
INA,1992,Summer,1,3,2,20
GEQ,1992,Summer,0,0,0,0
BOL,1992,Summer,0,0,0,0
BEL,1992,Summer,2,1,0,5
ANT,1992,Summer,0,0,0,0
DOM,1992,Summer,0,0,0,0
NED,1992,Summer,8,20,5,93
GRE,1992,Summer,0,0,2,10
LIB,1992,Summer,0,0,0,0
SUR,1992,Summer,1,0,0,1
TUR,1992,Summer,2,2,2,18
SOL,1992,Summer,0,0,0,0
SEN,1992,Summer,0,0,0,0
HKG,1992,Summer,0,0,0,0
GUA,1992,Summer,0,0,0,0
CYP,1992,Summer,0,0,0,0
PNG,1992,Summer,0,0,0,0
MGL,1992,Summer,2,0,0,2
LTU,1992,Summer,12,0,1,17
GUI,1992,Summer,0,0,0,0
CRO,1992,Summer,3,12,0,39
CAY,1992,Summer,0,0,0,0
HON,1992,Summer,0,0,0,0
TUN,1992,Summer,0,0,0,0
LAT,1992,Summer,1,2,0,7
IRL,1992,Summer,0,1,1,8
AND,1992,Summer,0,0,0,0
SLO,1992,Summer,6,0,0,6
CGO,1992,Summer,0,0,0,0
ALB,1992,Summer,0,0,0,0
JAM,1992,Summer,1,3,0,10
LIE,1992,Summer,0,0,0,0
FIJ,1992,Summer,0,0,0,0
TTO,1992,Summer,0,0,0,0
THA,1992,Summer,1,0,0,1
GAB,1992,Summer,0,0,0,0
BER,1992,Summer,0,0,0,0
ASA,1992,Summer,0,0,0,0
BIH,1992,Summer,0,0,0,0
TAN,1992,Summer,0,0,0,0
ZAM,1992,Summer,0,0,0,0
ECU,1992,Summer,0,0,0,0
ANG,1992,Summer,0,0,0,0
GUY,1992,Summer,0,0,0,0
MLT,1992,Summer,0,0,0,0
BIZ,1992,Summer,0,0,0,0
TPE,1992,Summer,0,20,0,60
URU,1992,Summer,0,0,0,0
ZIM,1992,Summer,0,0,0,0
MRI,1992,Summer,0,0,0,0
LUX,1992,Summer,0,0,0,0
VIN,1992,Summer,0,0,0,0
MLI,1992,Summer,0,0,0,0
NAM,1992,Summer,0,2,0,6
AHO,1992,Summer,0,0,0,0
BAH,1992,Summer,1,0,0,1
VIE,1992,Summer,0,0,0,0
VEN,1992,Summer,0,0,0,0
MON,1992,Summer,0,0,0,0
ARU,1992,Summer,0,0,0,0
BOT,1992,Summer,0,0,0,0
SWZ,1992,Summer,0,0,0,0
SUD,1992,Summer,0,0,0,0
MOZ,1992,Summer,0,0,0,0
GRN,1992,Summer,0,0,0,0
VAN,1992,Summer,0,0,0,0
BUR,1992,Summer,0,0,0,0
IVB,1992,Summer,0,0,0,0
HAI,1992,Summer,0,0,0,0
ESA,1992,Summer,0,0,0,0
NIG,1992,Summer,0,0,0,0
GAM,1992,Summer,0,0,0,0
BHU,1992,Summer,0,0,0,0
CMR,1992,Summer,0,0,0,0
LAO,1992,Summer,0,0,0,0
MYA,1992,Summer,0,0,0,0
TGA,1992,Summer,0,0,0,0
UGA,1992,Summer,0,0,0,0
LES,1992,Summer,0,0,0,0
RWA,1992,Summer,0,0,0,0
MAW,1992,Summer,0,0,0,0
COK,1992,Summer,0,0,0,0
MAD,1992,Summer,0,0,0,0
NEP,1992,Summer,0,0,0,0
FIN,1996,Summer,1,2,1,12
ARG,1996,Summer,1,19,0,58
NED,1996,Summer,26,9,38,243
NOR,1996,Summer,18,3,2,37
EST,1996,Summer,0,0,0,0
TUR,1996,Summer,1,1,4,24
ESP,1996,Summer,22,21,23,200
ITA,1996,Summer,28,24,19,195
PAK,1996,Summer,0,0,0,0
CAN,1996,Summer,12,30,8,142
EGY,1996,Summer,0,0,0,0
LBA,1996,Summer,0,0,0,0
QAT,1996,Summer,0,0,0,0
COM,1996,Summer,0,0,0,0
CHA,1996,Summer,0,0,0,0
MAS,1996,Summer,1,2,0,7
BRU,1996,Summer,0,0,0,0
UAE,1996,Summer,0,0,0,0
SGP,1996,Summer,0,0,0,0
AZE,1996,Summer,0,1,0,3
UZB,1996,Summer,1,1,0,4
JPN,1996,Summer,13,26,3,106
CMR,1996,Summer,0,0,0,0
ALG,1996,Summer,1,0,2,11
CIV,1996,Summer,0,0,0,0
GHA,1996,Summer,0,0,0,0
USA,1996,Summer,52,48,159,991
IND,1996,Summer,1,0,0,1
GEO,1996,Summer,2,0,0,2
SLO,1996,Summer,0,2,0,6
POR,1996,Summer,2,0,1,7
FRA,1996,Summer,20,10,21,155
VEN,1996,Summer,0,0,0,0
PLE,1996,Summer,0,0,0,0
KAZ,1996,Summer,4,4,3,31
MEX,1996,Summer,1,0,0,1
MAR,1996,Summer,2,0,0,2
UGA,1996,Summer,1,0,0,1
GER,1996,Summer,47,35,42,362
SUD,1996,Summer,0,0,0,0
GRE,1996,Summer,0,4,4,32
AUS,1996,Summer,84,16,32,292
SOM,1996,Summer,0,0,0,0
NGR,1996,Summer,3,4,17,100
SUR,1996,Summer,0,0,0,0
ETH,1996,Summer,1,0,2,11
SYR,1996,Summer,0,0,1,5
PUR,1996,Summer,1,0,0,1
BRA,1996,Summer,43,15,5,113
UKR,1996,Summer,19,5,10,84
RUS,1996,Summer,34,45,36,349
CRO,1996,Summer,0,12,16,116
DMA,1996,Summer,0,0,0,0
HAI,1996,Summer,0,0,0,0
HUN,1996,Summer,26,9,8,93
TUN,1996,Summer,1,0,0,1
BEN,1996,Summer,0,0,0,0
CUB,1996,Summer,10,8,37,219
NCA,1996,Summer,0,0,0,0
KEN,1996,Summer,3,4,1,20
GBR,1996,Summer,9,15,2,64
IRQ,1996,Summer,0,0,0,0
MTN,1996,Summer,0,0,0,0
RSA,1996,Summer,1,1,3,19
BLR,1996,Summer,16,6,1,39
PNG,1996,Summer,0,0,0,0
TOG,1996,Summer,0,0,0,0
DEN,1996,Summer,1,1,21,109
KUW,1996,Summer,0,0,0,0
KSA,1996,Summer,0,0,0,0
BRN,1996,Summer,0,0,0,0
OMA,1996,Summer,0,0,0,0
YEM,1996,Summer,0,0,0,0
JOR,1996,Summer,0,0,0,0
BAN,1996,Summer,0,0,0,0
SWE,1996,Summer,5,23,3,89
DOM,1996,Summer,0,0,0,0
LTU,1996,Summer,11,0,0,11
KGZ,1996,Summer,0,0,0,0
ISR,1996,Summer,1,0,0,1
ISL,1996,Summer,0,0,0,0
DJI,1996,Summer,0,0,0,0
MDA,1996,Summer,1,2,0,7
IRL,1996,Summer,1,0,3,16
TTO,1996,Summer,2,0,0,2
GBS,1996,Summer,0,0,0,0
ROU,1996,Summer,15,10,13,110
SLE,1996,Summer,0,0,0,0
COD,1996,Summer,0,0,0,0
SMR,1996,Summer,0,0,0,0
MDV,1996,Summer,0,0,0,0
LAO,1996,Summer,0,0,0,0
KOR,1996,Summer,7,49,10,204
SOL,1996,Summer,0,0,0,0
NZL,1996,Summer,4,2,3,25
CPV,1996,Summer,0,0,0,0
CYP,1996,Summer,0,0,0,0
BUL,1996,Summer,6,12,3,57
HON,1996,Summer,0,0,0,0
SUI,1996,Summer,0,6,5,43
JAM,1996,Summer,12,3,1,26
CHN,1996,Summer,17,70,19,322
BEL,1996,Summer,2,2,2,18
COL,1996,Summer,0,0,0,0
CHI,1996,Summer,0,0,0,0
INA,1996,Summer,3,1,2,16
PER,1996,Summer,0,0,0,0
GEQ,1996,Summer,0,0,0,0
TKM,1996,Summer,0,0,0,0
IVB,1996,Summer,0,0,0,0
ARM,1996,Summer,0,1,1,8
SEY,1996,Summer,0,0,0,0
TPE,1996,Summer,0,1,0,3
STP,1996,Summer,0,0,0,0
CGO,1996,Summer,0,0,0,0
CZE,1996,Summer,4,5,4,39
SVK,1996,Summer,1,1,1,9
VIN,1996,Summer,0,0,0,0
BOT,1996,Summer,0,0,0,0
LCA,1996,Summer,0,0,0,0
POL,1996,Summer,7,8,7,66
CAY,1996,Summer,0,0,0,0
AND,1996,Summer,0,0,0,0
URU,1996,Summer,0,0,0,0
ANT,1996,Summer,0,0,0,0
SKN,1996,Summer,0,0,0,0
SCG,1996,Summer,13,12,1,54
PAN,1996,Summer,0,0,0,0
AUT,1996,Summer,2,1,0,5
PAR,1996,Summer,0,0,0,0
MGL,1996,Summer,1,0,0,1
BER,1996,Summer,0,0,0,0
MRI,1996,Summer,0,0,0,0
ISV,1996,Summer,0,0,0,0
BAH,1996,Summer,0,5,0,15
NAM,1996,Summer,0,2,0,6
ESA,1996,Summer,0,0,0,0
GUM,1996,Summer,0,0,0,0
LAT,1996,Summer,0,1,0,3
CAF,1996,Summer,0,0,0,0
ALB,1996,Summer,0,0,0,0
SRI,1996,Summer,0,0,0,0
ANG,1996,Summer,0,0,0,0
ZIM,1996,Summer,0,0,0,0
LIE,1996,Summer,0,0,0,0
GUA,1996,Summer,0,0,0,0
NEP,1996,Summer,0,0,0,0
FIJ,1996,Summer,0,0,0,0
MLT,1996,Summer,0,0,0,0
TJK,1996,Summer,0,0,0,0
MKD,1996,Summer,0,0,0,0
GAB,1996,Summer,0,0,0,0
CRC,1996,Summer,0,0,1,5
PHI,1996,Summer,0,1,0,3
GRN,1996,Summer,0,0,0,0
ASA,1996,Summer,0,0,0,0
ECU,1996,Summer,0,0,1,5
BOL,1996,Summer,0,0,0,0
MLI,1996,Summer,0,0,0,0
VIE,1996,Summer,0,0,0,0
HKG,1996,Summer,0,0,1,5
THA,1996,Summer,1,0,1,6
PRK,1996,Summer,2,1,2,15
ZAM,1996,Summer,0,1,0,3
LIB,1996,Summer,0,0,0,0
LBR,1996,Summer,0,0,0,0
BAR,1996,Summer,0,0,0,0
AHO,1996,Summer,0,0,0,0
BIH,1996,Summer,0,0,0,0
NRU,1996,Summer,0,0,0,0
SEN,1996,Summer,0,0,0,0
GUI,1996,Summer,0,0,0,0
MON,1996,Summer,0,0,0,0
ARU,1996,Summer,0,0,0,0
GUY,1996,Summer,0,0,0,0
LUX,1996,Summer,0,0,0,0
GAM,1996,Summer,0,0,0,0
IRI,1996,Summer,1,1,1,9
BIZ,1996,Summer,0,0,0,0
BDI,1996,Summer,0,0,1,5
SAM,1996,Summer,0,0,0,0
AFG,1996,Summer,0,0,0,0
TGA,1996,Summer,0,1,0,3
CAM,1996,Summer,0,0,0,0
TAN,1996,Summer,0,0,0,0
MYA,1996,Summer,0,0,0,0
RWA,1996,Summer,0,0,0,0
VAN,1996,Summer,0,0,0,0
MOZ,1996,Summer,1,0,0,1
BHU,1996,Summer,0,0,0,0
BUR,1996,Summer,0,0,0,0
NIG,1996,Summer,0,0,0,0
LES,1996,Summer,0,0,0,0
SWZ,1996,Summer,0,0,0,0
MAW,1996,Summer,0,0,0,0
COK,1996,Summer,0,0,0,0
MAD,1996,Summer,0,0,0,0
FIN,2000,Summer,1,1,3,19
NOR,2000,Summer,19,4,20,131
NED,2000,Summer,23,29,27,245
EGY,2000,Summer,0,0,0,0
ARG,2000,Summer,3,17,0,54
CUB,2000,Summer,12,35,18,207
CMR,2000,Summer,0,0,18,90
MEX,2000,Summer,3,2,1,14
ITA,2000,Summer,29,14,22,181
PAK,2000,Summer,0,0,0,0
AZE,2000,Summer,1,0,2,11
CAN,2000,Summer,23,4,4,55
USA,2000,Summer,51,61,130,884
AUS,2000,Summer,54,69,60,561
KUW,2000,Summer,1,0,0,1
MAS,2000,Summer,0,0,0,0
BRU,2000,Summer,0,0,0,0
SUD,2000,Summer,0,0,0,0
BRN,2000,Summer,0,0,0,0
UZB,2000,Summer,2,1,1,10
JPN,2000,Summer,8,31,5,126
ESP,2000,Summer,20,19,3,92
ETH,2000,Summer,3,1,4,26
SRI,2000,Summer,0,1,0,3
SYR,2000,Summer,0,0,0,0
MAR,2000,Summer,4,1,0,7
SWE,2000,Summer,8,20,4,88
RUS,2000,Summer,54,67,66,585
JOR,2000,Summer,0,0,0,0
CHN,2000,Summer,17,23,39,281
GER,2000,Summer,64,23,31,288
GBR,2000,Summer,12,20,22,182
UGA,2000,Summer,0,0,0,0
SLO,2000,Summer,0,0,3,15
TUR,2000,Summer,2,0,3,17
RSA,2000,Summer,3,2,0,9
GHA,2000,Summer,0,0,0,0
ALG,2000,Summer,3,1,1,11
SUR,2000,Summer,0,0,0,0
SOM,2000,Summer,0,0,0,0
LBA,2000,Summer,0,0,0,0
FRA,2000,Summer,14,30,22,214
PLW,2000,Summer,0,0,0,0
LTU,2000,Summer,15,0,2,25
BRA,2000,Summer,36,12,0,72
UKR,2000,Summer,12,20,3,87
IRI,2000,Summer,1,0,3,16
NGR,2000,Summer,0,2,6,36
GRE,2000,Summer,8,6,4,46
CRO,2000,Summer,9,0,1,14
DMA,2000,Summer,0,0,0,0
DEN,2000,Summer,4,3,18,103
ANG,2000,Summer,0,0,0,0
IRQ,2000,Summer,0,0,0,0
MDV,2000,Summer,0,0,0,0
NZL,2000,Summer,3,0,1,8
PER,2000,Summer,0,0,0,0
SCG,2000,Summer,13,1,11,71
HUN,2000,Summer,4,24,25,201
CIV,2000,Summer,0,0,0,0
CYP,2000,Summer,0,0,0,0
KAZ,2000,Summer,0,4,3,27
KGZ,2000,Summer,1,0,0,1
BAN,2000,Summer,0,0,0,0
KSA,2000,Summer,1,1,0,4
QAT,2000,Summer,1,0,0,1
LIB,2000,Summer,0,0,0,0
OMA,2000,Summer,0,0,0,0
PLE,2000,Summer,0,0,0,0
YEM,2000,Summer,0,0,0,0
UAE,2000,Summer,0,0,0,0
ROU,2000,Summer,13,6,27,166
BLR,2000,Summer,11,8,3,50
TTO,2000,Summer,1,1,0,4
ISL,2000,Summer,1,0,0,1
NIG,2000,Summer,0,0,0,0
DJI,2000,Summer,0,0,0,0
SVK,2000,Summer,1,3,2,20
GUY,2000,Summer,0,0,0,0
JAM,2000,Summer,3,20,0,63
BAR,2000,Summer,1,0,0,1
VEN,2000,Summer,0,0,0,0
CHI,2000,Summer,17,0,0,17
IOA,2000,Summer,0,0,0,0
AUT,2000,Summer,0,1,3,18
INA,2000,Summer,2,4,2,24
BAH,2000,Summer,5,0,6,35
SMR,2000,Summer,0,0,0,0
MOZ,2000,Summer,0,0,1,5
POR,2000,Summer,2,0,0,2
CZE,2000,Summer,4,3,2,23
IND,2000,Summer,1,0,0,1
BUL,2000,Summer,2,6,5,45
BEL,2000,Summer,4,3,0,13
MLT,2000,Summer,0,0,0,0
LUX,2000,Summer,0,0,0,0
GBS,2000,Summer,0,0,0,0
TUN,2000,Summer,0,0,0,0
GEO,2000,Summer,6,0,0,6
SUI,2000,Summer,2,11,1,40
ERI,2000,Summer,0,0,0,0
TKM,2000,Summer,0,0,0,0
MAD,2000,Summer,0,0,0,0
MRI,2000,Summer,0,0,0,0
EST,2000,Summer,2,0,1,7
ISR,2000,Summer,1,0,0,1
ARM,2000,Summer,1,0,0,1
KEN,2000,Summer,2,3,2,21
MGL,2000,Summer,0,0,0,0
KOR,2000,Summer,35,26,12,173
GUI,2000,Summer,0,0,0,0
CGO,2000,Summer,0,0,0,0
POL,2000,Summer,7,10,7,72
VIN,2000,Summer,0,0,0,0
TOG,2000,Summer,0,0,0,0
ECU,2000,Summer,0,0,0,0
SEY,2000,Summer,0,0,0,0
URU,2000,Summer,0,1,0,3
GEQ,2000,Summer,0,0,0,0
ANT,2000,Summer,0,0,0,0
BOT,2000,Summer,0,0,0,0
SKN,2000,Summer,0,0,0,0
PAN,2000,Summer,0,0,0,0
COM,2000,Summer,0,0,0,0
TAN,2000,Summer,0,0,0,0
COL,2000,Summer,0,0,1,5
ISV,2000,Summer,0,0,0,0
SLE,2000,Summer,0,0,0,0
LAT,2000,Summer,1,1,1,9
AND,2000,Summer,0,0,0,0
MON,2000,Summer,0,0,0,0
SWZ,2000,Summer,0,0,0,0
ARU,2000,Summer,0,0,0,0
MDA,2000,Summer,1,1,0,4
ZIM,2000,Summer,0,0,0,0
CRC,2000,Summer,2,0,0,2
GUA,2000,Summer,0,0,0,0
NEP,2000,Summer,0,0,0,0
PNG,2000,Summer,0,0,0,0
MKD,2000,Summer,1,0,0,1
GAB,2000,Summer,0,0,0,0
SGP,2000,Summer,0,0,0,0
IRL,2000,Summer,0,1,0,3
PHI,2000,Summer,0,0,0,0
BER,2000,Summer,0,0,0,0
PUR,2000,Summer,0,0,0,0
ZAM,2000,Summer,0,0,0,0
DOM,2000,Summer,0,0,0,0
BOL,2000,Summer,0,0,0,0
MLI,2000,Summer,0,0,0,0
PAR,2000,Summer,0,0,0,0
HON,2000,Summer,0,0,0,0
PRK,2000,Summer,3,1,0,6
HKG,2000,Summer,0,0,0,0
TPE,2000,Summer,4,1,0,7
MYA,2000,Summer,0,0,0,0
MAW,2000,Summer,0,0,0,0
GUM,2000,Summer,0,0,0,0
BHU,2000,Summer,0,0,0,0
THA,2000,Summer,2,0,1,7
SEN,2000,Summer,0,0,0,0
HAI,2000,Summer,0,0,0,0
IVB,2000,Summer,0,0,0,0
CAF,2000,Summer,0,0,0,0
LBR,2000,Summer,0,0,0,0
NCA,2000,Summer,0,0,0,0
BEN,2000,Summer,0,0,0,0
AHO,2000,Summer,0,0,0,0
MTN,2000,Summer,0,0,0,0
ESA,2000,Summer,0,0,0,0
CPV,2000,Summer,0,0,0,0
TJK,2000,Summer,0,0,0,0
BIH,2000,Summer,0,0,0,0
GAM,2000,Summer,0,0,0,0
LIE,2000,Summer,0,0,0,0
NAM,2000,Summer,0,0,0,0
RWA,2000,Summer,0,0,0,0
STP,2000,Summer,0,0,0,0
BDI,2000,Summer,0,0,0,0
CAM,2000,Summer,0,0,0,0
LCA,2000,Summer,0,0,0,0
SOL,2000,Summer,0,0,0,0
GRN,2000,Summer,0,0,0,0
SAM,2000,Summer,0,0,0,0
BIZ,2000,Summer,0,0,0,0
COD,2000,Summer,0,0,0,0
VAN,2000,Summer,0,0,0,0
LES,2000,Summer,0,0,0,0
LAO,2000,Summer,0,0,0,0
TGA,2000,Summer,0,0,0,0
ALB,2000,Summer,0,0,0,0
VIE,2000,Summer,0,1,0,3
CAY,2000,Summer,0,0,0,0
FSM,2000,Summer,0,0,0,0
ASA,2000,Summer,0,0,0,0
CHA,2000,Summer,0,0,0,0
FIJ,2000,Summer,0,0,0,0
BUR,2000,Summer,0,0,0,0
NRU,2000,Summer,0,0,0,0
COK,2000,Summer,0,0,0,0
NOR,2004,Summer,2,0,5,27
EST,2004,Summer,2,1,0,5
BLR,2004,Summer,8,5,2,33
GRE,2004,Summer,5,18,8,99
AUS,2004,Summer,31,77,49,507
RUS,2004,Summer,95,46,48,473
FRA,2004,Summer,22,10,21,157
NCA,2004,Summer,0,0,0,0
IRQ,2004,Summer,0,0,0,0
QAT,2004,Summer,0,0,0,0
PAK,2004,Summer,0,0,0,0
EGY,2004,Summer,3,1,1,11
USA,2004,Summer,71,75,117,881
INA,2004,Summer,3,1,1,11
AZE,2004,Summer,4,0,1,9
UZB,2004,Summer,2,1,2,15
TJK,2004,Summer,0,0,0,0
KGZ,2004,Summer,0,0,0,0
JPN,2004,Summer,52,20,21,217
ESP,2004,Summer,9,17,4,80
TUR,2004,Summer,5,3,3,29
MLI,2004,Summer,0,0,0,0
BRA,2004,Summer,3,19,18,150
JOR,2004,Summer,0,0,0,0
SUD,2004,Summer,0,0,0,0
PLE,2004,Summer,0,0,0,0
LBA,2004,Summer,0,0,0,0
SOM,2004,Summer,0,0,0,0
MEX,2004,Summer,1,3,0,10
IND,2004,Summer,0,1,0,3
GBR,2004,Summer,15,25,17,175
GER,2004,Summer,63,45,41,403
NZL,2004,Summer,0,2,4,26
LTU,2004,Summer,0,2,1,11
NED,2004,Summer,22,51,4,195
UKR,2004,Summer,31,8,8,95
ETH,2004,Summer,2,3,2,21
ITA,2004,Summer,39,41,24,282
ALG,2004,Summer,0,0,0,0
ARM,2004,Summer,0,0,0,0
MLT,2004,Summer,0,0,0,0
CUB,2004,Summer,22,8,32,206
BIZ,2004,Summer,0,0,0,0
PUR,2004,Summer,0,0,0,0
MAR,2004,Summer,0,1,2,13
FIN,2004,Summer,0,2,0,6
CHN,2004,Summer,15,27,52,356
ARG,2004,Summer,21,0,28,161
BER,2004,Summer,0,0,0,0
KAZ,2004,Summer,3,4,1,20
UGA,2004,Summer,0,0,0,0
HUN,2004,Summer,4,12,24,160
SAM,2004,Summer,0,0,0,0
SWE,2004,Summer,2,5,5,42
CYP,2004,Summer,0,0,0,0
IRI,2004,Summer,2,2,2,18
BAN,2004,Summer,0,0,0,0
NGR,2004,Summer,8,0,0,8
SYR,2004,Summer,1,0,0,1
YEM,2004,Summer,0,0,0,0
KSA,2004,Summer,0,0,0,0
LIB,2004,Summer,0,0,0,0
KUW,2004,Summer,0,0,0,0
UAE,2004,Summer,0,0,1,5
BRN,2004,Summer,0,0,0,0
OMA,2004,Summer,0,0,0,0
BEN,2004,Summer,0,0,0,0
NIG,2004,Summer,0,0,0,0
BUL,2004,Summer,14,1,2,27
TTO,2004,Summer,1,0,0,1
CAN,2004,Summer,4,10,3,49
ISL,2004,Summer,0,0,0,0
CAF,2004,Summer,0,0,0,0
MDV,2004,Summer,0,0,0,0
SUI,2004,Summer,4,2,1,15
AUT,2004,Summer,1,4,3,28
JAM,2004,Summer,6,1,6,39
BAR,2004,Summer,0,0,0,0
CIV,2004,Summer,0,0,0,0
ANG,2004,Summer,0,0,0,0
POR,2004,Summer,1,2,0,7
VEN,2004,Summer,2,0,0,2
TLS,2004,Summer,0,0,0,0
NAM,2004,Summer,0,0,0,0
BAH,2004,Summer,1,0,1,6
SMR,2004,Summer,0,0,0,0
KOR,2004,Summer,10,28,14,164
BRU,2004,Summer,0,0,0,0
CRO,2004,Summer,3,3,15,87
DEN,2004,Summer,9,1,19,107
COL,2004,Summer,2,0,0,2
MAD,2004,Summer,0,0,0,0
CZE,2004,Summer,6,6,1,29
MGL,2004,Summer,1,0,0,1
GHA,2004,Summer,0,0,0,0
ROU,2004,Summer,11,5,23,141
LAO,2004,Summer,0,0,0,0
IRL,2004,Summer,0,0,0,0
GUA,2004,Summer,0,0,0,0
DOM,2004,Summer,0,0,1,5
CHI,2004,Summer,1,0,3,16
CRC,2004,Summer,0,0,0,0
ISR,2004,Summer,1,0,1,6
GEO,2004,Summer,0,2,2,16
ZIM,2004,Summer,1,1,1,9
GRN,2004,Summer,0,0,0,0
CMR,2004,Summer,0,0,1,5
SEY,2004,Summer,0,0,0,0
SCG,2004,Summer,0,13,0,39
TUN,2004,Summer,0,0,0,0
AFG,2004,Summer,0,0,0,0
SVK,2004,Summer,5,2,3,26
SLO,2004,Summer,3,2,0,9
COD,2004,Summer,0,0,0,0
SEN,2004,Summer,0,0,0,0
MAS,2004,Summer,0,0,0,0
NEP,2004,Summer,0,0,0,0
ANT,2004,Summer,0,0,0,0
CGO,2004,Summer,0,0,0,0
POL,2004,Summer,6,2,4,32
SLE,2004,Summer,0,0,0,0
HON,2004,Summer,0,0,0,0
KEN,2004,Summer,2,4,1,19
RSA,2004,Summer,3,3,4,32
BOT,2004,Summer,0,0,0,0
TKM,2004,Summer,0,0,0,0
TAN,2004,Summer,0,0,0,0
BEL,2004,Summer,2,0,1,7
AND,2004,Summer,0,0,0,0
HAI,2004,Summer,0,0,0,0
GAB,2004,Summer,0,0,0,0
ARU,2004,Summer,0,0,0,0
MDA,2004,Summer,0,0,0,0
PER,2004,Summer,0,0,0,0
PNG,2004,Summer,0,0,0,0
FSM,2004,Summer,0,0,0,0
THA,2004,Summer,4,1,3,22
TOG,2004,Summer,0,0,0,0
SGP,2004,Summer,0,0,0,0
PHI,2004,Summer,0,0,0,0
MRI,2004,Summer,0,0,0,0
FIJ,2004,Summer,0,0,0,0
GUY,2004,Summer,0,0,0,0
PAR,2004,Summer,0,17,0,51
ECU,2004,Summer,0,0,0,0
GBS,2004,Summer,0,0,0,0
GEQ,2004,Summer,0,0,0,0
LAT,2004,Summer,0,4,0,12
HKG,2004,Summer,0,2,0,6
TPE,2004,Summer,3,4,2,25
ZAM,2004,Summer,0,0,0,0
MAW,2004,Summer,0,0,0,0
BHU,2004,Summer,0,0,0,0
PRK,2004,Summer,1,4,0,13
GUM,2004,Summer,0,0,0,0
ALB,2004,Summer,0,0,0,0
URU,2004,Summer,0,0,0,0
SKN,2004,Summer,0,0,0,0
SRI,2004,Summer,0,0,0,0
PAN,2004,Summer,0,0,0,0
MOZ,2004,Summer,0,0,0,0
IVB,2004,Summer,0,0,0,0
STP,2004,Summer,0,0,0,0
SUR,2004,Summer,0,0,0,0
BOL,2004,Summer,0,0,0,0
LUX,2004,Summer,0,0,0,0
VIN,2004,Summer,0,0,0,0
NRU,2004,Summer,0,0,0,0
MON,2004,Summer,0,0,0,0
GUI,2004,Summer,0,0,0,0
ESA,2004,Summer,0,0,0,0
RWA,2004,Summer,0,0,0,0
COM,2004,Summer,0,0,0,0
SWZ,2004,Summer,0,0,0,0
VIE,2004,Summer,0,0,0,0
ISV,2004,Summer,0,0,0,0
BIH,2004,Summer,0,0,0,0
PLW,2004,Summer,0,0,0,0
CAY,2004,Summer,0,0,0,0
CPV,2004,Summer,0,0,0,0
BDI,2004,Summer,0,0,0,0
LIE,2004,Summer,0,0,0,0
LCA,2004,Summer,0,0,0,0
AHO,2004,Summer,0,0,0,0
ERI,2004,Summer,1,0,0,1
COK,2004,Summer,0,0,0,0
TGA,2004,Summer,0,0,0,0
CAM,2004,Summer,0,0,0,0
MKD,2004,Summer,0,0,0,0
DMA,2004,Summer,0,0,0,0
MTN,2004,Summer,0,0,0,0
VAN,2004,Summer,0,0,0,0
SOL,2004,Summer,0,0,0,0
ASA,2004,Summer,0,0,0,0
LES,2004,Summer,0,0,0,0
KIR,2004,Summer,0,0,0,0
CHA,2004,Summer,0,0,0,0
MYA,2004,Summer,0,0,0,0
GAM,2004,Summer,0,0,0,0
BUR,2004,Summer,0,0,0,0
LBR,2004,Summer,0,0,0,0
NOR,2008,Summer,1,5,16,96
EST,2008,Summer,0,2,1,11
ESP,2008,Summer,16,47,7,192
ALG,2008,Summer,1,1,0,4
BLR,2008,Summer,16,5,8,71
FRA,2008,Summer,28,24,25,225
ITA,2008,Summer,20,14,8,102
PAK,2008,Summer,0,0,0,0
AZE,2008,Summer,4,2,1,15
AUS,2008,Summer,76,42,31,357
RSA,2008,Summer,0,1,0,3
CAN,2008,Summer,11,13,11,105
MAR,2008,Summer,1,1,0,4
EGY,2008,Summer,1,0,0,1
ERI,2008,Summer,0,0,0,0
SUD,2008,Summer,0,1,0,3
USA,2008,Summer,80,110,127,1045
PLE,2008,Summer,0,0,0,0
IRQ,2008,Summer,0,0,0,0
QAT,2008,Summer,0,0,0,0
KGZ,2008,Summer,1,1,0,4
JPN,2008,Summer,13,15,23,173
GER,2008,Summer,41,16,42,299
TUR,2008,Summer,3,3,1,17
CIV,2008,Summer,0,0,0,0
KAZ,2008,Summer,7,4,2,29
RUS,2008,Summer,53,46,43,406
SWE,2008,Summer,2,5,0,17
POR,2008,Summer,0,1,1,8
ANG,2008,Summer,0,0,0,0
IRI,2008,Summer,1,0,1,6
BAN,2008,Summer,0,0,0,0
NGR,2008,Summer,7,16,0,55
ROU,2008,Summer,16,1,5,44
VEN,2008,Summer,1,0,0,1
IND,2008,Summer,2,0,1,7
GBR,2008,Summer,25,25,31,255
TUN,2008,Summer,0,0,1,5
ARG,2008,Summer,31,0,20,131
MEX,2008,Summer,2,0,2,12
CUB,2008,Summer,11,34,2,123
MRI,2008,Summer,1,0,0,1
POL,2008,Summer,1,13,6,70
NZL,2008,Summer,9,2,4,35
LBR,2008,Summer,0,0,0,0
ETH,2008,Summer,2,1,4,25
NEP,2008,Summer,0,0,0,0
ARM,2008,Summer,6,0,0,6
NED,2008,Summer,4,18,39,253
BRA,2008,Summer,30,34,14,202
UKR,2008,Summer,16,5,10,81
ASA,2008,Summer,0,0,0,0
BEL,2008,Summer,0,4,1,17
GRE,2008,Summer,4,3,0,13
AUT,2008,Summer,2,1,0,5
SEY,2008,Summer,0,0,0,0
DOM,2008,Summer,0,1,1,8
NCA,2008,Summer,0,0,0,0
PAR,2008,Summer,0,0,0,0
COM,2008,Summer,0,0,0,0
NAM,2008,Summer,0,0,0,0
BER,2008,Summer,0,0,0,0
SAM,2008,Summer,0,0,0,0
CYP,2008,Summer,0,0,0,0
KEN,2008,Summer,5,4,6,47
KSA,2008,Summer,0,0,0,0
KUW,2008,Summer,0,0,0,0
BRN,2008,Summer,0,0,0,0
SYR,2008,Summer,0,0,0,0
OMA,2008,Summer,0,0,0,0
YEM,2008,Summer,0,0,0,0
JOR,2008,Summer,0,0,0,0
UAE,2008,Summer,0,0,0,0
FIN,2008,Summer,2,2,1,13
JAM,2008,Summer,6,3,5,40
LTU,2008,Summer,3,2,0,9
BUL,2008,Summer,3,1,1,11
VIN,2008,Summer,0,0,0,0
NIG,2008,Summer,0,0,0,0
LBA,2008,Summer,0,0,0,0
CMR,2008,Summer,0,0,1,5
DJI,2008,Summer,0,0,0,0
BIH,2008,Summer,0,0,0,0
GUM,2008,Summer,0,0,0,0
CRO,2008,Summer,3,2,0,9
BAR,2008,Summer,0,0,0,0
CHI,2008,Summer,0,1,0,3
HON,2008,Summer,0,0,0,0
COL,2008,Summer,1,1,0,4
UZB,2008,Summer,3,2,1,14
BAH,2008,Summer,1,6,0,19
MAS,2008,Summer,0,1,0,3
GHA,2008,Summer,0,0,0,0
KOR,2008,Summer,26,11,41,264
DEN,2008,Summer,6,7,6,57
MAD,2008,Summer,0,0,0,0
PHI,2008,Summer,0,0,0,0
CZE,2008,Summer,0,4,3,27
CHN,2008,Summer,57,53,74,586
TKM,2008,Summer,0,0,0,0
LAT,2008,Summer,1,1,1,9
IRL,2008,Summer,2,1,0,5
THA,2008,Summer,0,2,2,16
GUA,2008,Summer,0,0,0,0
ESA,2008,Summer,0,0,0,0
TTO,2008,Summer,0,1,5,28
HUN,2008,Summer,3,8,16,107
ISL,2008,Summer,0,14,0,42
PUR,2008,Summer,0,0,0,0
SUI,2008,Summer,7,1,3,25
TJK,2008,Summer,1,1,0,4
MLT,2008,Summer,0,0,0,0
HKG,2008,Summer,0,0,0,0
HAI,2008,Summer,0,0,0,0
ISR,2008,Summer,1,0,0,1
AFG,2008,Summer,1,0,0,1
SEN,2008,Summer,0,0,0,0
MGL,2008,Summer,0,2,2,16
MLI,2008,Summer,0,0,0,0
GAB,2008,Summer,0,0,0,0
ECU,2008,Summer,0,1,0,3
ANT,2008,Summer,0,0,0,0
CGO,2008,Summer,0,0,0,0
BOT,2008,Summer,0,0,0,0
ZIM,2008,Summer,0,3,1,14
PER,2008,Summer,0,0,0,0
ISV,2008,Summer,0,0,0,0
GUI,2008,Summer,0,0,0,0
SVK,2008,Summer,1,5,4,36
GRN,2008,Summer,0,0,0,0
UGA,2008,Summer,0,0,0,0
TAN,2008,Summer,0,0,0,0
LCA,2008,Summer,0,0,0,0
GEO,2008,Summer,3,0,3,18
ALB,2008,Summer,0,0,0,0
AND,2008,Summer,0,0,0,0
SRB,2008,Summer,14,1,0,17
SLE,2008,Summer,0,0,0,0
LUX,2008,Summer,0,0,0,0
PAN,2008,Summer,0,0,1,5
PNG,2008,Summer,0,0,0,0
STP,2008,Summer,0,0,0,0
CAF,2008,Summer,0,0,0,0
TOG,2008,Summer,1,0,0,1
SLO,2008,Summer,2,2,1,13
MDA,2008,Summer,1,0,0,1
CRC,2008,Summer,0,0,0,0
MNE,2008,Summer,0,0,0,0
URU,2008,Summer,0,0,0,0
SMR,2008,Summer,0,0,0,0
FIJ,2008,Summer,0,0,0,0
GUY,2008,Summer,0,0,0,0
ZAM,2008,Summer,0,0,0,0
SGP,2008,Summer,0,3,0,9
BOL,2008,Summer,0,0,0,0
MOZ,2008,Summer,0,0,0,0
MTN,2008,Summer,0,0,0,0
PRK,2008,Summer,3,1,2,16
TPE,2008,Summer,4,0,0,4
MAW,2008,Summer,0,0,0,0
INA,2008,Summer,3,2,2,19
LAO,2008,Summer,0,0,0,0
SKN,2008,Summer,0,0,0,0
MHL,2008,Summer,0,0,0,0
CPV,2008,Summer,0,0,0,0
GBS,2008,Summer,0,0,0,0
FSM,2008,Summer,0,0,0,0
BEN,2008,Summer,0,0,0,0
AHO,2008,Summer,0,0,0,0
BHU,2008,Summer,0,0,0,0
NRU,2008,Summer,0,0,0,0
MON,2008,Summer,0,0,0,0
RWA,2008,Summer,0,0,0,0
SWZ,2008,Summer,0,0,0,0
VIE,2008,Summer,0,1,0,3
PLW,2008,Summer,0,0,0,0
TUV,2008,Summer,0,0,0,0
BIZ,2008,Summer,0,0,0,0
CAY,2008,Summer,0,0,0,0
LIE,2008,Summer,0,0,0,0
LIB,2008,Summer,0,0,0,0
SOL,2008,Summer,0,0,0,0
IVB,2008,Summer,0,0,0,0
COK,2008,Summer,0,0,0,0
CAM,2008,Summer,0,0,0,0
DMA,2008,Summer,0,0,0,0
MDV,2008,Summer,0,0,0,0
SOM,2008,Summer,0,0,0,0
GAM,2008,Summer,0,0,0,0
SRI,2008,Summer,0,0,0,0
VAN,2008,Summer,0,0,0,0
KIR,2008,Summer,0,0,0,0
COD,2008,Summer,0,0,0,0
LES,2008,Summer,0,0,0,0
MYA,2008,Summer,0,0,0,0
TGA,2008,Summer,0,0,0,0
GEQ,2008,Summer,0,0,0,0
CHA,2008,Summer,0,0,0,0
MKD,2008,Summer,0,0,0,0
SUR,2008,Summer,0,0,0,0
BUR,2008,Summer,0,0,0,0
BDI,2008,Summer,0,0,0,0
ARU,2008,Summer,0,0,0,0
TLS,2008,Summer,0,0,0,0
CHN,2012,Summer,29,40,56,429
FRA,2012,Summer,22,30,30,262
MAR,2012,Summer,1,0,0,1
RUS,2012,Summer,51,39,50,418
ARG,2012,Summer,3,15,1,53
ITA,2012,Summer,30,22,16,176
ALG,2012,Summer,0,0,1,5
PAK,2012,Summer,0,0,0,0
IRI,2012,Summer,3,5,4,38
EGY,2012,Summer,0,2,0,6
AUS,2012,Summer,59,37,18,260
USA,2012,Summer,46,57,145,942
CMR,2012,Summer,0,0,0,0
IRQ,2012,Summer,0,0,0,0
UZB,2012,Summer,2,0,1,7
AZE,2012,Summer,6,2,2,22
UAE,2012,Summer,0,0,0,0
KGZ,2012,Summer,0,0,0,0
TJK,2012,Summer,1,0,0,1
CAN,2012,Summer,33,21,1,101
CUB,2012,Summer,6,3,5,40
ESP,2012,Summer,25,33,5,149
JPN,2012,Summer,33,44,7,200
NGR,2012,Summer,0,0,0,0
POR,2012,Summer,0,2,0,6
SUI,2012,Summer,0,2,2,16
COL,2012,Summer,4,3,1,18
ETH,2012,Summer,3,1,3,21
JOR,2012,Summer,0,0,0,0
PLE,2012,Summer,0,0,0,0
KAZ,2012,Summer,5,1,7,43
GBR,2012,Summer,48,30,48,378
UGA,2012,Summer,0,0,1,5
TUN,2012,Summer,1,1,1,9
NED,2012,Summer,19,29,21,211
MEX,2012,Summer,3,5,16,98
VEN,2012,Summer,0,0,1,5
POL,2012,Summer,8,2,2,24
NIG,2012,Summer,0,0,0,0
SKN,2012,Summer,0,0,0,0
NZL,2012,Summer,15,3,9,69
GER,2012,Summer,22,27,45,328
LBR,2012,Summer,0,0,0,0
ERI,2012,Summer,0,0,0,0
BRA,2012,Summer,11,34,14,183
SWE,2012,Summer,3,17,2,64
BEL,2012,Summer,2,1,0,5
MAS,2012,Summer,1,1,0,4
GRE,2012,Summer,3,0,0,3
ROU,2012,Summer,6,8,2,40
RWA,2012,Summer,0,0,0,0
TOG,2012,Summer,0,0,0,0
PAR,2012,Summer,0,0,0,0
URU,2012,Summer,0,0,0,0
COM,2012,Summer,0,0,0,0
INA,2012,Summer,1,1,0,4
MDV,2012,Summer,0,0,0,0
BEN,2012,Summer,0,0,0,0
CIV,2012,Summer,0,0,0,0
NAM,2012,Summer,0,0,0,0
EST,2012,Summer,1,1,0,4
TTO,2012,Summer,5,4,1,22
LTU,2012,Summer,2,1,2,15
UKR,2012,Summer,12,5,9,72
VIN,2012,Summer,0,0,0,0
TUR,2012,Summer,1,2,2,17
CYP,2012,Summer,0,1,0,3
KSA,2012,Summer,4,0,0,4
KUW,2012,Summer,1,0,0,1
QAT,2012,Summer,2,0,0,2
BRN,2012,Summer,1,0,0,1
YEM,2012,Summer,0,0,0,0
OMA,2012,Summer,0,0,0,0
SUD,2012,Summer,0,0,0,0
FIN,2012,Summer,4,1,0,7
FIJ,2012,Summer,0,0,0,0
VAN,2012,Summer,0,0,0,0
JAM,2012,Summer,8,9,8,75
GUA,2012,Summer,0,1,0,3
PUR,2012,Summer,1,1,0,4
BUL,2012,Summer,1,1,0,4
ARM,2012,Summer,2,1,0,5
LAT,2012,Summer,2,0,1,7
SRB,2012,Summer,14,1,1,22
BLR,2012,Summer,8,12,3,59
IVB,2012,Summer,0,0,0,0
ESA,2012,Summer,0,0,0,0
MAD,2012,Summer,0,0,0,0
DJI,2012,Summer,0,0,0,0
CRO,2012,Summer,16,4,15,103
PHI,2012,Summer,0,0,0,0
SEY,2012,Summer,0,0,0,0
BAR,2012,Summer,0,0,0,0
ECU,2012,Summer,0,0,0,0
ANG,2012,Summer,0,0,0,0
NOR,2012,Summer,1,1,15,79
CRC,2012,Summer,0,0,0,0
AUT,2012,Summer,0,0,0,0
BAH,2012,Summer,0,0,4,20
GHA,2012,Summer,0,0,0,0
PRK,2012,Summer,2,0,4,22
DEN,2012,Summer,8,5,3,38
KEN,2012,Summer,5,4,2,27
IRL,2012,Summer,3,1,1,11
MGL,2012,Summer,3,2,0,9
SLO,2012,Summer,3,1,1,11
PLW,2012,Summer,0,0,0,0
HUN,2012,Summer,6,8,12,90
IND,2012,Summer,4,2,0,10
CZE,2012,Summer,6,4,4,38
RSA,2012,Summer,1,2,6,37
CHI,2012,Summer,0,0,0,0
THA,2012,Summer,1,2,0,7
DOM,2012,Summer,0,1,1,8
PER,2012,Summer,0,0,0,0
ISL,2012,Summer,0,0,0,0
ISR,2012,Summer,0,0,0,0
MRI,2012,Summer,0,0,0,0
MDA,2012,Summer,2,0,0,2
GUM,2012,Summer,0,0,0,0
HKG,2012,Summer,1,0,0,1
GAB,2012,Summer,0,1,0,3
MYA,2012,Summer,0,0,0,0
AFG,2012,Summer,1,0,0,1
SEN,2012,Summer,0,0,0,0
LIB,2012,Summer,0,0,0,0
KOR,2012,Summer,30,13,18,159
ANT,2012,Summer,0,0,0,0
CGO,2012,Summer,0,0,0,0
BOL,2012,Summer,0,0,0,0
MON,2012,Summer,0,0,0,0
SYR,2012,Summer,0,0,0,0
GUI,2012,Summer,0,0,0,0
SVK,2012,Summer,4,1,0,7
GUY,2012,Summer,0,0,0,0
TKM,2012,Summer,0,0,0,0
LCA,2012,Summer,0,0,0,0
ALB,2012,Summer,0,0,0,0
HON,2012,Summer,0,0,0,0
SAM,2012,Summer,0,0,0,0
AND,2012,Summer,0,0,0,0
GRN,2012,Summer,0,0,1,5
BDI,2012,Summer,0,0,0,0
MKD,2012,Summer,0,0,0,0
GEO,2012,Summer,3,3,1,17
IOA,2012,Summer,0,0,0,0
MLT,2012,Summer,0,0,0,0
CAF,2012,Summer,0,0,0,0
NCA,2012,Summer,0,0,0,0
MNE,2012,Summer,0,14,0,42
COK,2012,Summer,0,0,0,0
BOT,2012,Summer,0,1,0,3
BER,2012,Summer,0,0,0,0
BAN,2012,Summer,0,0,0,0
LUX,2012,Summer,0,0,0,0
MOZ,2012,Summer,0,0,0,0
MLI,2012,Summer,0,0,0,0
PAN,2012,Summer,0,0,0,0
CAM,2012,Summer,0,0,0,0
TPE,2012,Summer,1,1,0,4
SGP,2012,Summer,4,0,0,4
BHU,2012,Summer,0,0,0,0
ZAM,2012,Summer,0,0,0,0
VIE,2012,Summer,0,0,0,0
GAM,2012,Summer,0,0,0,0
SRI,2012,Summer,0,0,0,0
ZIM,2012,Summer,0,0,0,0
STP,2012,Summer,0,0,0,0
GBS,2012,Summer,0,0,0,0
FSM,2012,Summer,0,0,0,0
KIR,2012,Summer,0,0,0,0
HAI,2012,Summer,0,0,0,0
NRU,2012,Summer,0,0,0,0
NEP,2012,Summer,0,0,0,0
LBA,2012,Summer,0,0,0,0
MTN,2012,Summer,0,0,0,0
GEQ,2012,Summer,0,0,0,0
ASA,2012,Summer,0,0,0,0
SOM,2012,Summer,0,0,0,0
BIH,2012,Summer,0,0,0,0
TGA,2012,Summer,0,0,0,0
CAY,2012,Summer,0,0,0,0
DMA,2012,Summer,0,0,0,0
MHL,2012,Summer,0,0,0,0
TAN,2012,Summer,0,0,0,0
SMR,2012,Summer,0,0,0,0
ISV,2012,Summer,0,0,0,0
SWZ,2012,Summer,0,0,0,0
LIE,2012,Summer,0,0,0,0
ARU,2012,Summer,0,0,0,0
LAO,2012,Summer,0,0,0,0
PNG,2012,Summer,0,0,0,0
COD,2012,Summer,0,0,0,0
BUR,2012,Summer,0,0,0,0
SOL,2012,Summer,0,0,0,0
TUV,2012,Summer,0,0,0,0
LES,2012,Summer,0,0,0,0
BRU,2012,Summer,0,0,0,0
CPV,2012,Summer,0,0,0,0
BIZ,2012,Summer,0,0,0,0
TLS,2012,Summer,0,0,0,0
CHA,2012,Summer,0,0,0,0
SUR,2012,Summer,0,0,0,0
SLE,2012,Summer,0,0,0,0
MAW,2012,Summer,0,0,0,0
ROU,2016,Summer,10,2,4,36
ESP,2016,Summer,17,19,9,119
ITA,2016,Summer,24,40,8,184
AZE,2016,Summer,10,7,1,36
ALG,2016,Summer,0,2,0,6
BRN,2016,Summer,0,1,1,8
NED,2016,Summer,13,25,9,133
IRQ,2016,Summer,0,0,0,0
IRL,2016,Summer,0,3,0,9
USA,2016,Summer,71,54,139,928
EGY,2016,Summer,3,0,0,3
IRI,2016,Summer,4,1,3,22
BEL,2016,Summer,2,17,2,63
CMR,2016,Summer,0,0,0,0
KAZ,2016,Summer,10,5,3,40
BRU,2016,Summer,0,0,0,0
UZB,2016,Summer,7,2,4,33
TJK,2016,Summer,0,0,1,5
RUS,2016,Summer,35,28,52,379
CAN,2016,Summer,61,4,4,93
GER,2016,Summer,67,43,49,441
MEX,2016,Summer,2,3,0,11
ETH,2016,Summer,5,2,1,16
SRI,2016,Summer,0,0,0,0
ARM,2016,Summer,0,3,1,14
KEN,2016,Summer,1,6,6,49
FRA,2016,Summer,21,55,20,286
NGR,2016,Summer,18,0,0,18
BRA,2016,Summer,6,8,36,210
ARG,2016,Summer,0,1,21,108
AUS,2016,Summer,25,34,23,242
CHI,2016,Summer,0,0,0,0
SUI,2016,Summer,2,3,6,41
BLR,2016,Summer,7,4,1,24
GUY,2016,Summer,0,0,0,0
GEO,2016,Summer,4,1,2,17
POR,2016,Summer,1,0,0,1
COL,2016,Summer,3,2,3,24
DJI,2016,Summer,0,0,0,0
JOR,2016,Summer,0,0,1,5
PLE,2016,Summer,0,0,0,0
KSA,2016,Summer,0,0,0,0
IND,2016,Summer,1,1,0,4
GHA,2016,Summer,0,0,0,0
HON,2016,Summer,0,0,0,0
ESA,2016,Summer,0,0,0,0
VEN,2016,Summer,2,1,0,5
TKM,2016,Summer,0,0,0,0
JPN,2016,Summer,34,13,17,158
SKN,2016,Summer,0,0,0,0
GBR,2016,Summer,26,55,64,511
TUR,2016,Summer,4,3,1,18
ERI,2016,Summer,0,0,0,0
UGA,2016,Summer,0,0,0,0
MGL,2016,Summer,1,1,0,4
LTU,2016,Summer,5,2,0,11
NAM,2016,Summer,0,0,0,0
KGZ,2016,Summer,0,0,0,0
PUR,2016,Summer,0,0,1,5
MAS,2016,Summer,1,7,0,22
SAM,2016,Summer,0,0,0,0
ANG,2016,Summer,0,0,0,0
RSA,2016,Summer,14,7,2,45
GRE,2016,Summer,3,1,3,21
NOR,2016,Summer,19,0,0,19
CUB,2016,Summer,4,2,5,35
PAR,2016,Summer,0,0,0,0
INA,2016,Summer,0,2,2,16
BAN,2016,Summer,0,0,0,0
CIV,2016,Summer,1,0,1,6
TTO,2016,Summer,1,0,0,1
CHN,2016,Summer,37,30,46,357
SGP,2016,Summer,0,0,1,5
MAR,2016,Summer,1,0,0,1
SWE,2016,Summer,3,23,2,82
UKR,2016,Summer,5,8,2,39
TUN,2016,Summer,3,0,0,3
IOA,2016,Summer,1,0,1,6
OMA,2016,Summer,0,0,0,0
QAT,2016,Summer,0,1,0,3
UAE,2016,Summer,1,0,0,1
MDA,2016,Summer,0,0,0,0
MRI,2016,Summer,0,0,0,0
BUL,2016,Summer,6,1,0,9
SRB,2016,Summer,13,27,14,164
VIN,2016,Summer,0,0,0,0
AUT,2016,Summer,2,0,0,2
CRC,2016,Summer,0,0,0,0
SUD,2016,Summer,0,0,0,0
MAD,2016,Summer,0,0,0,0
PAK,2016,Summer,0,0,0,0
CHA,2016,Summer,0,0,0,0
BIH,2016,Summer,0,0,0,0
PHI,2016,Summer,0,1,0,3
CAY,2016,Summer,0,0,0,0
SYR,2016,Summer,0,0,0,0
EST,2016,Summer,4,0,0,4
SEY,2016,Summer,0,0,0,0
ECU,2016,Summer,0,0,0,0
PAN,2016,Summer,0,0,0,0
GAB,2016,Summer,0,0,0,0
BAH,2016,Summer,5,0,1,10
ISR,2016,Summer,2,0,0,2
THA,2016,Summer,2,2,2,18
BOT,2016,Summer,0,0,0,0
ROT,2016,Summer,0,0,0,0
KOR,2016,Summer,10,3,13,84
DEN,2016,Summer,16,10,15,121
CPV,2016,Summer,0,0,0,0
POL,2016,Summer,10,3,3,34
DOM,2016,Summer,1,0,0,1
HUN,2016,Summer,7,3,12,76
CZE,2016,Summer,12,2,1,23
BEN,2016,Summer,0,0,0,0
URU,2016,Summer,0,0,0,0
NZL,2016,Summer,5,25,6,110
LAT,2016,Summer,0,0,0,0
AND,2016,Summer,0,0,0,0
CYP,2016,Summer,0,0,0,0
JAM,2016,Summer,2,17,11,108
COM,2016,Summer,0,0,0,0
LBA,2016,Summer,0,0,0,0
HKG,2016,Summer,0,0,0,0
LCA,2016,Summer,0,0,0,0
MOZ,2016,Summer,0,0,0,0
FSM,2016,Summer,0,0,0,0
TOG,2016,Summer,0,0,0,0
MTN,2016,Summer,0,0,0,0
YEM,2016,Summer,0,0,0,0
CRO,2016,Summer,2,15,7,82
ANT,2016,Summer,0,0,0,0
AFG,2016,Summer,0,0,0,0
MKD,2016,Summer,0,0,0,0
SVK,2016,Summer,0,5,3,30
GUI,2016,Summer,0,0,0,0
FIJ,2016,Summer,0,0,13,65
LIB,2016,Summer,0,0,0,0
MNE,2016,Summer,0,0,0,0
GUA,2016,Summer,0,0,0,0
PNG,2016,Summer,0,0,0,0
ZIM,2016,Summer,0,0,0,0
GAM,2016,Summer,0,0,0,0
SLO,2016,Summer,1,2,1,12
BAR,2016,Summer,0,0,0,0
COK,2016,Summer,0,0,0,0
MLT,2016,Summer,0,0,0,0
NEP,2016,Summer,0,0,0,0
STP,2016,Summer,0,0,0,0
CGO,2016,Summer,0,0,0,0
CAF,2016,Summer,0,0,0,0
SEN,2016,Summer,0,0,0,0
PER,2016,Summer,0,0,0,0
NRU,2016,Summer,0,0,0,0
GBS,2016,Summer,0,0,0,0
LAO,2016,Summer,0,0,0,0
BDI,2016,Summer,0,1,0,3
RWA,2016,Summer,0,0,0,0
TLS,2016,Summer,0,0,0,0
ALB,2016,Summer,0,0,0,0
LUX,2016,Summer,0,0,0,0
HAI,2016,Summer,0,0,0,0
BOL,2016,Summer,0,0,0,0
FIN,2016,Summer,1,0,0,1
TPE,2016,Summer,4,0,1,9
GRN,2016,Summer,0,1,0,3
ZAM,2016,Summer,0,0,0,0
MAW,2016,Summer,0,0,0,0
PRK,2016,Summer,2,3,2,21
CAM,2016,Summer,0,0,0,0
ISV,2016,Summer,0,0,0,0
MLI,2016,Summer,0,0,0,0
MHL,2016,Summer,0,0,0,0
MON,2016,Summer,0,0,0,0
PLW,2016,Summer,0,0,0,0
VIE,2016,Summer,0,1,1,8
BER,2016,Summer,0,0,0,0
DMA,2016,Summer,0,0,0,0
GEQ,2016,Summer,0,0,0,0
TGA,2016,Summer,0,0,0,0
SOL,2016,Summer,0,0,0,0
KOS,2016,Summer,0,0,1,5
NIG,2016,Summer,0,1,0,3
ISL,2016,Summer,0,0,0,0
IVB,2016,Summer,0,0,0,0
SSD,2016,Summer,0,0,0,0
LIE,2016,Summer,0,0,0,0
TAN,2016,Summer,0,0,0,0
MYA,2016,Summer,0,0,0,0
GUM,2016,Summer,0,0,0,0
MDV,2016,Summer,0,0,0,0
SLE,2016,Summer,0,0,0,0
BIZ,2016,Summer,0,0,0,0
ASA,2016,Summer,0,0,0,0
COD,2016,Summer,0,0,0,0
BHU,2016,Summer,0,0,0,0
KIR,2016,Summer,0,0,0,0
BUR,2016,Summer,0,0,0,0
SUR,2016,Summer,0,0,0,0
LBR,2016,Summer,0,0,0,0
NCA,2016,Summer,0,0,0,0
LES,2016,Summer,0,0,0,0
VAN,2016,Summer,0,0,0,0
ARU,2016,Summer,0,0,0,0
SWZ,2016,Summer,0,0,0,0
SOM,2016,Summer,0,0,0,0
SMR,2016,Summer,0,0,0,0
TUV,2016,Summer,0,0,0,0